path	current_sha256	review
cmake/nxvm/NxvmProduct.cmake	E9A662D86A5E319D469DAC89CBA418FB8D485CF3890F747839C28EED579F7F8D	complete-source-and-diff-reviewed;146-unique-receiving-registrations;actual-owner-guard-probes;dual-width-gates-pass
cmake/nxvm/verify_a20_fallback_routes.cmake	2B39DCBCC52FC5C6CEBB328EC3857BD5F8B6BB413351BD649637D1777323B84D	complete-source-and-diff-reviewed;path-only-migration;positive-gate-pass
cmake/nxvm/verify_ata_pio_feature_boundary.cmake	38B135A57E513A82AAF7CAFB3BFB8598017BF3113D2E83EFA19B459B327EADA8	complete-source-baseline-diff-reviewed;adapter-and-test-owner-paths-only;all-chip-media-personality-and-duplicate-sector-predicates-retained;static-pass
cmake/nxvm/verify_board_deadline_boundary.cmake	BB360DFA108E1FB9758F7E00F34C7B74639C53A2E113B1B013BD325C6DC66532	reviewed: complete source/baseline diff; owner path relocation only; query/publication/binding predicates retained
cmake/nxvm/verify_board_dma_arbitration_boundary.cmake	B292DFAE8063A95B2DCC792EFDA543FBB7373433C8A6ACEFE596CFAC1B46D299	complete-source-baseline-diff-reviewed;owner-path-relocation-only;hold-prefetch-dma-callback-and-binding-predicates-retained;static-pass
cmake/nxvm/verify_board_peripheral_advance_boundary.cmake	2FCBFA807825F0BAD0F9E59489917EEC513BC1923C5C7438EA749FB0C5DB7D86	reviewed: complete source/baseline diff; video adapter plus chip-forwarding assertion; readiness order/binding checks retained
cmake/nxvm/verify_board_pic_cpu_locality_boundary.cmake	F9015D27F968D163C2C264011A39928E282A0902DACBDC14230EB02285AE3F96	complete-source-baseline-diff-reviewed;profile-refresh-pulse-owner-updated;original-pic-transaction-and-no-direct-invalidation-predicates-retained;static-pass
cmake/nxvm/verify_board_pit_pic_tail_boundary.cmake	69A35D0714BF53F706AE2F88EDDA0B82DE9BDD11F880B80A44ED1DF2E0F922C1	complete-source-baseline-diff-reviewed;owner-path-relocation-only;original-clock-callback-prefetch-and-binding-predicates-retained;static-pass
cmake/nxvm/verify_board_port_b_boundary.cmake	983A106C87080A9AC3C27949103069C0E96E1C49F420A8A04DE6488D01FB151A	complete-source-baseline-diff-reviewed;at-parity-and-model40-construction-ranges-paired;route-rollback-and-sole-parity-release-retained;static-pass
cmake/nxvm/verify_board_readiness_boundary.cmake	5BDF2FD82D004EAECD395F3EFCF5CD0FE88A5367F6A01066E081C712CC5EB2CB	complete-source-baseline-diff-reviewed;owner-path-relocation-only;media-fpu-rtc-order-and-binding-predicates-retained;static-pass
cmake/nxvm/verify_board_refresh_request_boundary.cmake	05D6A4DB9A983A88F47001E048FE363134CF1C3A2CD43EBB21113C0CF6D8FC0D	complete-source-baseline-diff-reviewed;profile-only-latch-owner-and-binding-added;original-hold-transaction-and-completion-predicates-retained;static-pass
cmake/nxvm/verify_cmos_rtc_boundary.cmake	8D5569EE8B021495D5D480942711A017DEE2A6D78D61C64763AB8B25ABE578C2	complete-source-baseline-diff-reviewed;board-owner-paths-only;host-time-legacy-path-route-and-clock-predicates-retained;static-pass
cmake/nxvm/verify_core_controller_authority.cmake	1E4BE8C12AB77DEB84ACBD8839CDC519511C506628E719B77EF2C2DE8A224824	complete-source-baseline-diff-reviewed;migrated-consumer-scan-universe-repaired;original-owner-predicates-retained;positive-and-new-root-negative-controls-pass
cmake/nxvm/verify_core_cpu_pic_authority.cmake	3137D14C654D11814B1FDA49E4BF7E516D47CB29316232CB2B81D80ABE8F13A8	complete-source-baseline-diff-reviewed;migrated-consumer-scan-universe-repaired;original-owner-predicates-retained;positive-and-new-root-negative-controls-pass
cmake/nxvm/verify_core_display_authority.cmake	1B783EDB9F0FEBFF550D0FF74F4BC256A33789B926C2DAE59361490D829881A3	complete-source-baseline-diff-reviewed;migrated-consumer-scan-universe-repaired;original-owner-predicates-retained;positive-and-new-root-negative-controls-pass
cmake/nxvm/verify_core_dma_rtc_authority.cmake	E3334DCA5AF0C8C86B0361F491B8E247C69313F832044132C68B41261DC62C11	complete-source-baseline-diff-reviewed;migrated-consumer-scan-universe-repaired;original-owner-predicates-retained;positive-and-new-root-negative-controls-pass
cmake/nxvm/verify_core_event_deadline_scheduler.cmake	7D83737613F9C740018350637B5C2371B6D5BB566691AAA81DE416D2BCB17B4F	complete-source-baseline-diff-reviewed;owner-relocations-and-video-forwarder-reconciled;original-clock-and-deadline-predicates-retained;positive-gate-pass
cmake/nxvm/verify_d4_memory_routes.cmake	FC7BCF0A60F05D1E9041F28248D884609D06D616F5D4A95A88988884F409B3A6	complete-source-and-diff-reviewed;split-electrical-owner-predicates-reconciled;positive-gate-pass
cmake/nxvm/verify_default_pc_at_profile_closure.cmake	BD8A91FFC750112B3CBDEB9DD5DBC24C78D3761BE6C01560830DCD81BAFE32D0	complete-source-baseline-diff-reviewed;gate-receiver-paths-and-original-predicates-retained;positive-static-pass;finite-inventory-not-global-coverage
cmake/nxvm/verify_dma_fdc_boundary.cmake	5272225E1EFA43D6B1782227392D7AE62C4E9F9291D982E15908C7E89ECBD672	complete-source-baseline-diff-reviewed;board-fdc-owner-paths-only;raw-dma-ram-exclusion-and-channel-memory-cycle-predicates-retained;static-pass
cmake/nxvm/verify_ega_controller_boundary.cmake	6E526A747629859595884E49BA89D9A84BA93BCC7903924A2CC22CB8570E658D	reviewed: complete gate/baseline diff; receiver paths and opaque Shared ownership reconciled; original predicates retained; current standalone gate passes
cmake/nxvm/verify_ega_sequencer_boundary.cmake	4DB942DE4CEFB6C5A29BAB8FC7A5DEA0F61FB99BE134BEED8C5E7EC605A414B2	reviewed: complete gate/baseline diff; receiver paths and opaque Shared ownership reconciled; original predicates retained; current standalone gate passes
cmake/nxvm/verify_fdc_state_machine_boundary.cmake	01A3EF314411AAFC7EEE7526F2A7201080DB91F48B897789BF7F78124F0A1333	complete-source-baseline-diff-reviewed;migrated-consumer-scan-universe-repaired;original-owner-predicates-retained;positive-and-new-root-negative-controls-pass
cmake/nxvm/verify_fpu_boundary.cmake	70A0D6F49CC27C55529F8B06C8C90982DE62297A8888E3BD95CEE118F8ED6D07	complete-source-baseline-diff-reviewed;neutral-core-board-and-test-consumers-added;private-fpu-owner-excluded;positive-and-four-new-root-negatives-pass
cmake/nxvm/verify_hdc_port_routes.cmake	BD65CB5BEF6DF7AA18724B1D692AC248913F56CE020E8B6BC209CE84D68C2594	complete-source-baseline-diff-reviewed;opaque-pointer-owner-regex-updated;original-atomic-wired-or-route-and-owner-cleanup-predicates-retained;static-pass
cmake/nxvm/verify_hdc_portal_closure.cmake	D8791E44F1FF4F13C6C1DBF8A389D7052913E54079BF24C8669B0C7E8E1D6076	complete-source-baseline-diff-reviewed;stale-app-submission-input-repaired-to-profile-plan;nonempty-product-scan-and-shared-plan-predicates-retained;positive-and-missing-submission-negative-pass
cmake/nxvm/verify_keyboard_transport_surface.cmake	285BD8D0B98410612A933CE0AE289904996F6EB2014E0D8A76D3F11B810A3FCC	complete-source-and-diff-reviewed;opaque-pointer-owner-check-reconciled;positive-gate-pass
cmake/nxvm/verify_rational_clock_boundary.cmake	2C9E5A0B59D5B1DECF24B8E5E70ED3B37B24DC1BA4F6E1DE94E19B3DFD01A276	complete-source-baseline-diff-reviewed;owner-relocations-and-video-forwarder-reconciled;original-clock-and-deadline-predicates-retained;positive-gate-pass
cmake/nxvm/verify_t264_core_vm_ownership.cmake	38EDBCA73C357E73C1BF6ABBBF3A3D895F7A8A8D7A8B6C32176404FF6448B1E0	complete-source-baseline-diff-reviewed;migrated-consumer-scan-universe-repaired;original-owner-predicates-retained;positive-and-new-root-negative-controls-pass
cmake/nxvm/verify_t332_cpu_fixture_lifecycle.cmake	4AC8177DED711A68AD506B5B55CB4F56DB4A655AE3D413CD13788E521EACD86E	complete-source-baseline-diff-reviewed;gate-receiver-paths-and-original-predicates-retained;positive-static-pass;finite-inventory-not-global-coverage
cmake/nxvm/verify_t344_direct_compilation_matrix.cmake	6515F74FD7B12AFD07F76593C2007AE2FBE892AE69291FE875F24B7E7AAE4F82	batched-query-source-reviewed;dual-width-515-row-gates-pass;four-target-owner-negative-controls-pass
cmake/nxvm/verify_t344_historical_fixture_shapes.cmake	F7CFCCEDF97F3A60CE97F8FD3BD54F7BB75ECE8DC694F83037A5DF1CD541D597	complete-source-baseline-diff-reviewed;three-relocated-receivers-and-discovery-reconciled;101-identities-and-133-constructors-retained;full-specialized-x64-pass;finite-inventory-not-global-coverage
cmake/nxvm/verify_t388_80286_appendix_b_context.cmake	FBC0D873B1A32DD515BD270A3ECD19CD9BFA8E0043B46D96F4601EEB1384743E	complete-source-baseline-diff-reviewed;gate-receiver-paths-and-original-predicates-retained;positive-static-pass;finite-inventory-not-global-coverage
cmake/nxvm/verify_t388_80286_lsl_architecture_reconciliation.cmake	289137FAF9525687691BA8398DF4EC6435169483F8D74D859E7D61435EB530D1	complete-source-baseline-diff-reviewed;gate-receiver-paths-and-original-predicates-retained;positive-static-pass;finite-inventory-not-global-coverage
cmake/nxvm/verify_t388_jcc_target_lexeme.cmake	F961B68F9F9C8D2D72E22CD326D7FA3B4389EC99A963FED4F2937213421E7442	complete-source-baseline-diff-reviewed;gate-receiver-paths-and-original-predicates-retained;positive-static-pass;finite-inventory-not-global-coverage
cmake/nxvm/verify_t388_physical_eligibility_boundary.cmake	25E4D8C11F7A28172A5C7D78B92BC35BB24C7E582C2631A86EAF01F6D8D5C2DF	complete-source-baseline-diff-reviewed;gate-receiver-paths-and-original-predicates-retained;positive-static-pass;finite-inventory-not-global-coverage
cmake/nxvm/verify_t388_physical_timebase_inventory.cmake	A9729B6383C3C8A2B65D0CBEC8DE1FDDE453D5D7176E30D8F31385535157C75C	complete-source-baseline-diff-reviewed;gate-receiver-paths-and-original-predicates-retained;positive-static-pass;finite-inventory-not-global-coverage
cmake/nxvm/verify_t447_collaborator_plan_boundary.cmake	D252543F6B5FE817D286EEA66EA33FB9EB56885FED816A7370CB274364B96821	complete-source-baseline-diff-reviewed;gate-receiver-paths-and-original-predicates-retained;positive-static-pass;finite-inventory-not-global-coverage
cmake/nxvm/verify_vadp_memory_routes.cmake	9816DE094B640EBFD9E253D7266672B61CF109FF1C4121DF0257F6A5270CA184	reviewed: complete gate/baseline diff; receiver paths and opaque Shared ownership reconciled; original predicates retained; current standalone gate passes
cmake/nxvm/verify_vadp_port_routes.cmake	9D0F963913625D2E0EE5149AD1F29E5D55F9DF077FCAD05028DA37087A54D65D	reviewed: complete gate/baseline diff; receiver paths and opaque Shared ownership reconciled; original predicates retained; current standalone gate passes
src/app-nxvm/devices/d4_memory.h	DELETED	reviewed deletion: state/config received by Model40 d4_memory headers; no shared Board memory copy
src/app-nxvm/devices/hdc.h	DELETED	deleted-layout-and-declarations-paired-to-shared-opaque-owner;hardware-assertions-reconciled;dual-width-full-units-pass
src/app-nxvm/machine/debug_adapter.c	33AB75CFC3E88A45AE2490842EA6620A3243065B4C5AC1FB8B1851989F71AFE9	complete-source-baseline-diff-reviewed;inherited-status-domain-comment-corrected-only;existing-public-debug-and-classification-policy-unchanged
src/app-nxvm/machine/display.c	0A91384A5BE6B2CC5D2717366AE5429D7965E481DB342BE81BA5548C396F85DF	reviewed: full source/baseline diff; only two include relocations; cadence/copy/generation/frame behavior unchanged
src/app-nxvm/machine/guest_display_interface.h	13491ACD66386111798677CDD41A1F47872815CF9F8695A1F52A57CC96F1C08D	reviewed: complete copied-value header equal to original after line ending normalization; ABI/dimensions unchanged
src/app-nxvm/machine/guest_input_interface.h	6D070C84CCECC25B5AF0DEDC95C30CDFC4E38776379FFFCD6B677737ADF76DDE	reviewed: complete copied-value header equal to original after line ending normalization; ABI unchanged
src/app-nxvm/machine/machine_interface.h	A3B35CB5BA97BEF4CACA616119D92E54FBFCC74116981883494C0BD3E3CD4E34	reviewed: full header/baseline diff; copied input include relocation only
src/app-nxvm/machine/machine_private.h	A602C20B811D35FC72B3B610FD104446E1458C1ECDD3B3D9BC3E0471EEF07A7E	reviewed: full header/baseline diff and lifecycle/control consumers; Shared include and borrowed diagnostic D4 pointer only
src/app-nxvm/machine/machine.c	BF0C43B516668B35E0CE99A18C66A1681AC86C1D975D0BABDDD4C3F605B4EE7D	reviewed: full source and three baseline diff hunks; Shared include and borrowed Model40 output/clear only; other bodies unchanged
src/app-nxvm/profiles/default_profile/keyboard_mapper.c	378DE625B62FDDD66F6CEBA71B6F4E9D5B4F63100A024D4CD562D12D312E8FF6	reviewed: complete source/baseline include-only diff; scan tables and Pause byte sequences unchanged
src/app-nxvm/profiles/default_profile/pc_at_profile_private.h	06FDD2707D8C7C229BE1F62279DA25F7050746F1328E0553C9FDCFEEA99D2288	reviewed: complete header/baseline diff; public receiver includes and corrected Board refresh owner comment; descriptor contracts unchanged
src/app-nxvm/profiles/default_profile/pc_at_profile.c	B394171D113F611C0A2C94539175AD0BF343CB0A7A1050D0DE6E184091995AC2	reviewed: complete source/baseline diff; descriptor values/topology/validation unchanged; receiver include and two Board owner comments only
src/app-nxvm/profiles/device/floppy.h	B9ED4F99AA2B8C59CFE7689959021D78FF51794DB0FE34479B9895F920DEE22C	reviewed: complete value header/baseline include-only diff; media channel contract unchanged
src/app-nxvm/profiles/machine_plan_interface.h	4DE63DCBA3745DD184060467216A79C3A74ECE84C5BC6D974A6B7CF4ACD4DDF4	reviewed: complete interface/baseline diff; opaque Model40 construction output paired with actual App and factory consumers
src/app-nxvm/profiles/machine_plan.c	FEEAB86392AEC8023936FB607BE2CAE39F12E3F51BB759524322A94DD8C91743	reviewed: complete source/baseline diff; all assets/media/config/error paths unchanged; borrowed Model40 factory output argument reconciled
src/app-nxvm/profiles/model40/composition_interface.h	A913EBB7C950198AF9C129858FE8E81AD2AA700AE62CDDB83C3E2C67C480B158	reviewed: complete Profile composition contract; selected factory and baseline topology reconciled; generic plan lifecycle reviewed separately
src/app-nxvm/profiles/model40/composition.c	08306912E18208BAE629A314052E406E49A1F8AFFB3D2A38F4C5DCFDE669C975	reviewed: complete source/baseline topology and D4 factory reconciliation; sole Profile state and failed memory-install cleanup retained
src/app-nxvm/profiles/model40/d4_memory_interface.h	178C3FE5220C7DEFFA24FB868F5CB9F8E25C0399C83AE67545AF588154A8EBFB	reviewed: complete source/baseline frozen D4 configuration; no timing or decode change
src/app-nxvm/profiles/model40/d4_memory.c	AC538E20C1D87492B5EC389D477798249F83EB00DFA32510CBBFB4B5B13333A2	reviewed: complete source/baseline decode and parity/observer reconciliation; direct Profile owner and atomic registration retain behavior
src/app-nxvm/profiles/model40/d4_memory.h	480E67456011595A2A8F3757537F35170B05B32E64490FA01F772D1ED879907A	reviewed: complete source/baseline state ownership; single Profile memory with injected IOCHK output
src/app-nxvm/profiles/model40/d4_platform_interface.h	46699ABCEAE4819F31D2C92AF6680825F8386BCD682DA2582C9114C513BC7FE7	full-source-and-baseline-contract-review;opaque-profile-owner-and-copied-observations
src/app-nxvm/profiles/model40/d4_platform.c	603E0D1590063935F3F51E3D6CC404008B0D209159895D5FF4C8C74E64A4FDCB	full-source-and-baseline-body-review;construction-port-nmi-refresh-reset-and-finalization-reconciled
src/app-nxvm/profiles/model40/d4_platform.h	D3CE466B65C6FA0EC24D074D49845F7F859B7B0852EA4774FFF78C41D130225C	full-source-reviewed;sole-profile-state-and-borrowed-core-pit-lifetime
src/app-nxvm/profiles/model40/model40_private.h	80768D512D80CC650A5431ECB3C0072CE83D3E135844581DA1B1D47E0692D62F	reviewed: complete header; addresses/config contracts retained; stale D4 decoder ownership comment corrected
src/app-nxvm/profiles/model40/model40.c	7AEB7F3300A5EC96E5840FF33BCE245B03F2EE0F59AA8239A8C8A9BC738C3CD9	reviewed: complete source/baseline diff; effective machine configuration unchanged apart from Board header relocation
src/app-nxvm/profiles/profile_contract_interface.h	2C079BFCF01E04FDBAA5A9CD0A3002DD08DABAEEB7A8542769DF58B4921673BA	reviewed: complete value header/baseline include-only diff; frozen Profile contract unchanged
src/app-nxvm/profiles/xt/xt_5160_268.c	B8E7870ABDF60F83C2A0E92923BF75AA0B8E3A774D3BE68BE34F3CF89AAE7D8D	reviewed: complete source/baseline include-only diff; XT topology/timing/drive/Xebec values unchanged
src/app-nxvm/profiles/xt/xt_5160_268.h	7AE047E5E5109B351B4D2E94295294891520BDDC2492B2529C4BEC1A96721EDB	reviewed: complete header/baseline include-only diff; XT ROM/config snapshots unchanged
src/x86/CMakeLists.txt	619A3574BCF87D9BE57543F66E0794150EA9B08B449C4529985DE5AD9C9A6D52	full-source-baseline-diff-reviewed;single-source-lists;root-links-and-specialized-gates-dual-width-pass
src/x86/core/trace_interface.h	72CCED3C00623624A029283C90790E5FE7BF2DF448F76C51BF639343796B0031	reviewed: complete header/baseline diff; copied owner/kind enum bodies identical to original transaction header; state stays private
src/x86/core/transaction.h	B7978B45EAFD8E8942817E4EA5DC598C77BC4E20B8430E96578431496167DEEB	reviewed: complete header/baseline diff; owner/kind enums received by public copied trace contract; phase/state/API unchanged
src/x86/ibmpc-at/kbc_interface.h	68F514C910BE0B599BF26C52C0CBC677D2D6015C020D91760B84985051AD7F64	source-read-lifetime;complete-source-diff-and-assertion-reconciliation;dual-width-full-units-pass
src/x86/ibmpc-at/kbc.c	0896F71F2915F095FCFFD158E9C4660637726CB7451449264EC4F8A99D73C32F	source-and-baseline-diff-read;complete-source-diff-and-assertion-reconciliation;dual-width-full-units-pass
src/x86/ibmpc-at/kbc.h	047F2E912305A97A57C934A4AE3225DBEA2606B6C433E737683B48C67B522343	source-read;complete-source-diff-and-assertion-reconciliation;dual-width-full-units-pass
src/x86/ibmpc-at/parity_interface.h	14C637838DF839A69880D7FF99A05ED27A610FE137F3C2FF317260210E13AEDF	source-and-original-declarations-reviewed;AT-owner-lifetime-and-retained-value-ABI
src/x86/ibmpc-at/parity.c	0D517C088847F366B59AF698D48C4E63565A5921552643358FDC979301E14FFE	source-and-original-mechanisms-reviewed;AT-port-parity-NMI-owner-and-rollback
src/x86/ibmpc-common/board_advance.c	55112CA10AEC9F0FB4154F52BBEB9CAF23BDE8BDDD1CC8118B40A18566202776	reviewed: complete original/current source; clock reset/phase and device advance order retained; opaque handles/settled video adapter only
src/x86/ibmpc-common/board_deadline.c	8A0926B03A806D46B097E81B3CBEA0F12AD1ED6D9FF30C3378FAD963DDD9C4BD	reviewed: complete original/current source and Core consumers; minima/qualification/fallback flags unchanged; D4 now+1 received by Profile callback
src/x86/ibmpc-common/board_profile_interface.h	5C82CA591EC806AC567C335645C324EDBEA6E6BFE54BBF38A05C0C69A3A0F390	whole-source-and-actual-consumers-reviewed;one-frozen-construction-lifetime-and-reset-contract
src/x86/ibmpc-common/controller_interface.h	E3716C16A66FE0DFF98397966573155C22616A4B6EC074A8EBC59765D0B76DBA	reviewed: complete header/original comparison; only unused PIT include removed; all controller values and bindings unchanged
src/x86/ibmpc-common/fdc_interface.h	448592EBE5506ACBEE8585A19196BFA29E20E33743B8CC48A4F30ABE7F0A3D15	public-source-and-baseline-declarations-reviewed;original-hardware-coverage-reconciled;dual-width-full-units-pass
src/x86/ibmpc-common/fdc_observation_interface.h	BB93E9619E0F7BE4F1D36733586A36953BD11A0CA382F94A7483D3D38CD444AB	reviewed: complete header identical to original after line-ending normalization; copied terminal observation ABI unchanged
src/x86/ibmpc-common/fdc.c	D5B26CA0D6A67D668859DEEF26B7F8EA6CFB17339D0D0558570ED54BCAC4A697	complete-source-diff-reviewed;original-hardware-coverage-reconciled;dual-width-full-units-pass
src/x86/ibmpc-common/fdc.h	285447656AAE103E494F523642F651F4C81B6C7ACA037EC87FFB53373D149FBA	complete-source-diff-reviewed;original-hardware-coverage-reconciled;dual-width-full-units-pass
src/x86/ibmpc-common/hdc_interface.h	6652F370489AFBBCCB37876A9E4592B30842965C01B58E27CC5BF13DE0671EE8	public-source-and-baseline-declarations-reviewed;original-hardware-coverage-reconciled;dual-width-full-units-pass
src/x86/ibmpc-common/hdc.c	37D8C141DCAA5BFE3719C642CE966DB102CA4E01C1C3F9E7ABA1B4FEC7558ACE	complete-source-diff-reviewed;original-hardware-coverage-reconciled;dual-width-full-units-pass
src/x86/ibmpc-common/hdc.h	87F6859D4820D18A3CC12D3CC9C841FF4EA879D76DFCA7948BDC45C3D30B1DE3	complete-source-diff-reviewed;original-hardware-coverage-reconciled;dual-width-full-units-pass
src/x86/ibmpc-common/machine_board_interface.h	1D9EDA98F469B7BF1156035A146BC6BCBB0B0AB0F25D443BBCDE03796AB89CA9	source-and-baseline-diff-reviewed;retained-value-ABI-and-receiving-owner-declarations
src/x86/ibmpc-common/machine_board_state.h	E1F19EBDD679087CFA14EFB97ABD374431386CF7402E5313BC99D0E5DDC807AF	source-and-baseline-diff-reviewed;opaque-owners-Profile-binding-and-speaker-lines
src/x86/ibmpc-common/machine_board.c	7ECBC9270D5D0F874D6499E582B8F932DC7AAE2E9F0AC9711BDA76EFE95F6AFC	whole-source-and-baseline-diff-reviewed;67-current-functions-and-14-removed-owner-receivers-accounted
src/x86/ibmpc-common/machine_display.c	2B4928919B7B61A32E270476D4DBDBB52E0DB0752E20C5744E3B299B9A44A6FD	reviewed: full original/current source; original validator relocated to VADP unchanged; opaque single video capture/observation and publication semantics retained
src/x86/ibmpc-common/machine_plan.c	F65D59C914062FD28D3D90C38DFC9368B0ECEBF1E958FB28296E86ACA183ED1E	reviewed: full original/current source; neutral copied plan/publication/rollback preserved; D4-specific fields replaced by selected Profile factory
src/x86/ibmpc-common/vadp_interface.h	FB0BC62CE2F41F1BD0B05FEA38A6AE7D5969E46D4B908340FE0AA38507522A30	source-read-lifetime;complete-source-diff-and-assertion-reconciliation;dual-width-full-units-pass
src/x86/ibmpc-common/vadp.c	36248769B4D3074DB508D906CD54350884A51F5BE5CB54F346CE98E978D95D41	source-and-baseline-diff-read;complete-source-diff-and-assertion-reconciliation;dual-width-full-units-pass
src/x86/ibmpc-common/vadp.h	549C07E3AFFF24D4FA80F86B318A21C77B5EB319A999077A13C7F8000F910533	source-read-comment-corrected;complete-source-diff-and-assertion-reconciliation;dual-width-full-units-pass
src/x86/ibmpc-xt/xt_ppi_keyboard_interface.h	8A33E193BB4CA42F0AEC1A907377403C35EB6289F8FCC5635CEF316960C207FD	reviewed: complete public source and original Board/PPI declarations; values/config/callbacks preserved; opaque lifetime and injected Board IRQ sink reconciled
src/x86/ibmpc-xt/xt_ppi_keyboard.c	1C6297AB9BE96D018A74FADDB2A4AEB631C148A2D855A207E026DD14EC4D06C8	complete-source-diff-reviewed;original-hardware-coverage-reconciled;dual-width-full-units-pass
src/x86/ibmpc-xt/xt_ppi_keyboard.h	F75175078B6842E03FDB4F5ABF7610548F806CEB9EE2126B9CB67E7E24A8804B	complete-source-diff-reviewed;original-hardware-coverage-reconciled;dual-width-full-units-pass
src/x86/MANIFEST.sha256	955B2CDB36C764327E31357217246D4F6B5E02D07304DC213FAD49166885EF5E	complete-manifest-reviewed;S95-revision-refreshed;complete-verifier-pass
src/x86/README.md	CDB40558D8FDE1E069E12BFD2EEFBDF2113419C8877540C412D002488F70E23D	full-source-baseline-diff-reviewed;stale-cpu-handoff-corrected
src/x86/verify_corpus.cmake	A9AECED9C802EE358D837F76579A660043A956C86A62FB5CB189F82C2357893D	full-source-baseline-diff-reviewed;allowed-edges-preserved;standalone-pass
test/app-nxvm/integration/dos/nxvm_default_profile_smoke.c	9C7F8BB9507398CCBD52498379874F62881F0A3BC3D3F3B74A2CFB46A4A788A8	complete-source-baseline-diff-reviewed;board-interface-relocation;guest-program-input-timeout-and-assertions-retained;runtime-qualification-S96
test/app-nxvm/integration/dos/vm_byob_dos_boot_probe.c	2F72C183DCA66037D01FAAD35BB6E984EE591193E58C1E970215ABF452641BCB	complete-source-baseline-diff-and-fixture-reviewed;all-230-marker-literals-and-original-terminal-predicates-retained;cmos-index-bound-and-timeout-diagnostic-repaired;512-actual-source-cases-per-width-and-invalid-argument-exits-pass;strict-dual-width-build-pass;external-runtime-remains-S96
test/app-nxvm/integration/dos/vm_cga_graphics_dos_smoke.c	29FEE184B608D8529B5B22D87C201AF1F447473E01650ECA0B27900A22D874A9	complete-source-baseline-diff-reviewed;board-interface-relocation;guest-program-input-timeout-and-assertions-retained;runtime-qualification-S96
test/app-nxvm/integration/dos/vm_dos_fdisk_probe.c	CC65A13F6F214FE9194DD03EE80EF5467C1E5D16E6DC4459B1D2EA809DA53CE4	complete-source-baseline-diff-reviewed;board-interface-relocation;guest-program-input-timeout-and-assertions-retained;runtime-qualification-S96
test/app-nxvm/integration/dos/vm_dos_keyboard_smoke.c	3A93B94A6ED443819723E7B905D4A8B2502B3B97510E3D5FD1DE222400A6E49D	complete-source-baseline-diff-reviewed;five-site-capture-sweep;missing-frame-rejected;dual-width-build-and-failure-probe-pass;runtime-qualification-S96
test/app-nxvm/integration/dos/vm_dos_video_port_smoke.c	4B0B775249AB530D7DFEB549B0BC6B45B700770036E805EEB2FCA19B6DA09F82	complete-source-baseline-diff-reviewed;board-interface-relocation;guest-program-input-timeout-and-assertions-retained;runtime-qualification-S96
test/app-nxvm/integration/dos/vm_ega_planar_dos_smoke.c	BD3BCAF4670483DB78EB31DDC93A54B447A93856248FCD78310ED21BF05D2FDE	complete-source-baseline-diff-reviewed;board-interface-relocation;guest-program-input-timeout-and-assertions-retained;runtime-qualification-S96
test/app-nxvm/integration/dos/vm_fdc_read_track_dos_smoke.c	0EDC7197242F00F7ABBE8FC4C70EB22784A70B0CF0A900E7846A066B8A077A3B	complete-source-baseline-diff-reviewed;owner-local-fixture-substitution;program-input-timeout-and-assertions-retained;dual-width-build-pass;runtime-qualification-S96
test/app-nxvm/integration/dos/vm_mouse_driver_dos_smoke.c	110ED3386FAD4B04F7F28DF1B3BB9FDEE75CC23009ED38C2D45155CAAFAB2F8E	complete-source-baseline-diff-reviewed;board-interface-relocation;guest-program-input-timeout-and-assertions-retained;runtime-qualification-S96
test/app-nxvm/integration/dos/vm_profile_floppy_boot_matrix.c	543412825733457BDFC8C2AD0596C4FDE2E046970C9A20DF1C75ADFDBD8EF722	complete-current-source-original-diff-and-session-helper-review;terminal-timeout-post-rejection-and-INI-overlay-path-retained;checked-observation-and-trace-setup;dual-width-build-and-argument-negative-pass;fresh-boots-remain-S96
test/app-nxvm/integration/hdd/vm_ata_pio_dos_smoke.c	69673C46FB79A8A18156DF6F4D48262148FA8001E8FB8B0C0B20208D03DB042C	complete-source-baseline-diff-reviewed;owner-local-fixture-substitution;program-input-timeout-and-assertions-retained;dual-width-build-pass;runtime-qualification-S96
test/app-nxvm/integration/hdd/vm_hdc_hdd_boot_smoke.c	8042F63451BB5FA9BAE276BDA7A370D13A961239712D142D8462E0DB6C462D78	complete-source-baseline-diff-reviewed;owner-local-observation;failure-result-initialized;partition-VBR-and-controller-checks-retained;dual-width-build-pass;runtime-qualification-S96
test/app-nxvm/integration/model40/vm_model40_retirement_capture.c	7F0538FFA730C7FCA231E65DB3B3D55948C6CFCAC5D0907D3D7EFEEB7526C013	reviewed: complete source and baseline diff; exact include/CMOS/A20/physical-read fixture migration; checkpoint/output/cleanup bodies identical; both width builds pass; external runtime acceptance belongs to S96
test/app-nxvm/integration/product/vm_ini_cmos_seed_smoke.c	D0001871D8E7C9D8C59FC5800FB42383950E627B7FFC9C6E95E0141B52721FF5	complete-source-baseline-diff-reviewed;owner-local-fixture-substitution;program-input-timeout-and-assertions-retained;dual-width-build-pass;runtime-qualification-S96
test/app-nxvm/integration/windows/vm_windows31_checkpoint.c	19FAD22B5A5E8E09BAF02284E6C177972BAD77E803C6E04617F69D9CE63CDBE4	complete-source-baseline-diff-reviewed;owner-local-controller-fixture;original-input-success-and-fault-checkpoints-retained;dual-width-build-pass;runtime-qualification-S96
test/app-nxvm/integration/windows/vm_windows31_hdd_admission_probe.c	EE53DFE92A64336AA0757280A4F438AB685B0F34DF4CC1395300C8F73713B0C0	complete-source-baseline-diff-reviewed;overlay-release-after-diagnostics;pre-run-result-initialized;MBR-VBR-and-CHS-assertions-retained;dual-width-build-pass;runtime-qualification-S96
test/app-nxvm/integration/windows/vm_windows31_setup_probe.c	DB6482CB6BBB0AFABFA756EA74AB3495FBF01F2F7B758B33996B283051674EB2	complete-source-baseline-diff-reviewed;owner-local-controller-fixture;original-input-success-and-fault-checkpoints-retained;dual-width-build-pass;runtime-qualification-S96
test/app-nxvm/support/hdc.h	DELETED	reviewed: complete baseline paired with owner-local HDC fixture; deadline helper preserved
test/app-nxvm/unit/core/devices/core_machine_80186_decoder_inventory_runner.c	2D31A10B24811A1AB76E192E51A1A5D7479DE145CF0264B03CC848E2385D10A4	complete-source-baseline-diff-reviewed;public-cpu-and-board-contracts;original-profile-metadata-fault-or-lexical-coverage-retained;dual-width-seven-case-pass;single-owner-stream-cleanup;write-close-failure-probes-and-exact-json-hash-pass
test/app-nxvm/unit/core/devices/core_machine_80286_decoder_inventory_runner.c	BF9F85D766367AFC8A254C1B269EE04A20E859EFB2B87616152A421FFF8AD23F	complete-source-baseline-diff-reviewed;public-cpu-and-board-contracts;original-profile-metadata-fault-or-lexical-coverage-retained;dual-width-seven-case-pass;single-owner-stream-cleanup;write-close-failure-probes-and-exact-json-hash-pass
test/app-nxvm/unit/core/devices/core_machine_80286_protected_mode_smoke.c	51736408B3689DCA969299CFE3418185218C59E47BB5D9B4571A3A79E49A1180	complete-source-baseline-diff-reviewed;nine-contexts-and-24-byte-arrays-preserved;failed-producer-chains-guarded;dual-width-pass;141-actual-source-failure-positions-pass
test/app-nxvm/unit/core/devices/core_machine_80386_decoder_inventory_runner.c	346A5A253F601F62C4EA93A29E61B65EFE2A2FEBA78654CCC9EEAD17110F7204	complete-source-baseline-diff-reviewed;public-cpu-and-board-contracts;original-profile-metadata-fault-or-lexical-coverage-retained;dual-width-seven-case-pass;single-owner-stream-cleanup;write-close-failure-probes-and-exact-json-hash-pass
test/app-nxvm/unit/core/devices/core_machine_80386_paging_smoke.c	DELETED	complete-original-receiver-review;27-byte-arrays-and-main-retained;neutral-core-owner;dual-width-and-931-failure-25-null-probes-pass
test/app-nxvm/unit/core/devices/core_machine_auxiliary_pit_s3_smoke.c	DELETED	deleted-receiver-paired;complete-source-baseline-diff-reviewed;exact-clock-latch-reset-and-public-bus-routes-retained;dual-width-pass
test/app-nxvm/unit/core/devices/core_machine_bit_scan_smoke.c	DELETED	deleted-source-paired;complete-source-baseline-diff-reviewed;instruction-bytes-and-nonpublication-assertions-exact-after-include-and-FLAGS-substitutions;dual-width-receivers-pass
test/app-nxvm/unit/core/devices/core_machine_bit_test_smoke.c	DELETED	deleted-source-paired;complete-source-baseline-diff-reviewed;instruction-bytes-and-nonpublication-assertions-exact-after-include-and-FLAGS-substitutions;dual-width-receivers-pass
test/app-nxvm/unit/core/devices/core_machine_call_gate_privilege_entry_board_smoke.c	979FE383197EBA01B3322EB37FDC11E31D1DE090C0D8B894AC9752DE59BE2482	complete-source-baseline-diff-reviewed;five-32bit-call-gate-contexts-retained;public-constants-only;dual-width-and-actual-source-failure-probe-pass
test/app-nxvm/unit/core/devices/core_machine_cga_640_port_smoke.c	DELETED	reviewed deletion: complete original diff paired to Shared ibmpc-common receiver; no pixel/palette/register/reset predicate removed
test/app-nxvm/unit/core/devices/core_machine_cga_graphics_port_smoke.c	DELETED	reviewed deletion: complete original diff paired to Shared ibmpc-common receiver; no pixel/palette/register/reset predicate removed
test/app-nxvm/unit/core/devices/core_machine_cli_sti_s48_smoke.c	DELETED	deleted-receiver-paired;board-matrices-and-irq-preserved;private-storage-in-cpu-control
test/app-nxvm/unit/core/devices/core_machine_compaq_cecg_s11_smoke.c	DELETED	complete-original-source-and-receiver-diff-reviewed;paired-receiver-preserves-contexts;dual-width-pass
test/app-nxvm/unit/core/devices/core_machine_compaq_cecg_s28_smoke.c	DELETED	complete-original-source-and-receiver-diff-reviewed;paired-receiver-preserves-contexts;dual-width-pass
test/app-nxvm/unit/core/devices/core_machine_compaq_cecg_s9_smoke.c	DELETED	complete-original-source-and-receiver-diff-reviewed;paired-receiver-preserves-contexts;dual-width-pass
test/app-nxvm/unit/core/devices/core_machine_compaq_hdc_machine_s5_smoke.c	DELETED	reviewed: complete baseline/diff paired with Shared assembled-machine receiver; all assertions retained
test/app-nxvm/unit/core/devices/core_machine_compaq_hdc_s5_smoke.c	DELETED	reviewed: complete baseline/diff paired with Shared standalone receiver; opaque construction and ordered cleanup
test/app-nxvm/unit/core/devices/core_machine_controller_authority_smoke.c	DELETED	deleted-receiver-paired;complete-source-baseline-diff-reviewed;controller-assertions-retained;attachment-block-split-to-core;dual-width-pass
test/app-nxvm/unit/core/devices/core_machine_cpu_timing_preview_smoke.c	DELETED	complete-receiver-read-and-original-diff;all-byte-profile-arrays-and-main-identical;dual-width-and-57-failure-6-null-probes-pass
test/app-nxvm/unit/core/devices/core_machine_d4_memory_transaction_smoke.c	DELETED	reviewed deletion: all four original registry failure/rollback/retry/remove cases retained by Model40 test and Core memory_registration fixture
test/app-nxvm/unit/core/devices/core_machine_d4_platform_s4_smoke.c	F47925D841EAF408FF651429DB02B519FA2E9F24E166D571F24FC5D19437E353	reviewed: complete source/baseline diff; exact port/speaker/NMI/refresh/failsafe/shutdown-reset predicates retained through opaque owners
test/app-nxvm/unit/core/devices/core_machine_descriptor_system_smoke.c	DELETED	deleted-paired-core-c7-and-cpu-cache-receivers-reviewed;all-original-case-predicates-mapped
test/app-nxvm/unit/core/devices/core_machine_direct_flags_board_smoke.c	DELETED	deleted-receiver-paired;complete-source-baseline-diff-reviewed;entire-body-equal-after-equal-valued-flags-and-includes;all-original-cases-retained;dual-width-pass
test/app-nxvm/unit/core/devices/core_machine_display_authority_smoke.c	DELETED	deleted-paired-shared-receiver-reviewed;original-port-reset-assertions-retained
test/app-nxvm/unit/core/devices/core_machine_dma_binding_token_smoke.c	DELETED	reviewed: complete baseline/current source; includes only; cross-instance request rejection and same-instance FDC configure/freeze/reset assertions retained; dual-width pass
test/app-nxvm/unit/core/devices/core_machine_dma_rtc_authority_smoke.c	DELETED	reviewed: complete baseline/current diff; PIT refresh tick3 then tick1 via real CPU retirement; all invalid binding/NMI/RTC/reset assertions retained; checked public setup accesses; dual-width pass
test/app-nxvm/unit/core/devices/core_machine_double_shift_smoke.c	DELETED	deleted-source-paired;complete-source-baseline-diff-reviewed;instruction-bytes-and-nonpublication-assertions-exact-after-include-and-FLAGS-substitutions;dual-width-receivers-pass
test/app-nxvm/unit/core/devices/core_machine_ega_controller_port_smoke.c	DELETED	deleted-paired-shared-receiver-reviewed;original-port-reset-assertions-retained
test/app-nxvm/unit/core/devices/core_machine_ega_external_port_smoke.c	DELETED	deleted-paired-shared-receiver-reviewed;original-port-reset-assertions-retained
test/app-nxvm/unit/core/devices/core_machine_ega_planar_port_smoke.c	DELETED	reviewed deletion: complete original diff paired to Shared ibmpc-common receiver; no pixel/palette/register/reset predicate removed
test/app-nxvm/unit/core/devices/core_machine_ega_registration_transaction_smoke.c	DELETED	original-and-receiver-reviewed;video-registration-rollback-preserved
test/app-nxvm/unit/core/devices/core_machine_ega_sequencer_port_smoke.c	DELETED	deleted-paired-shared-receiver-reviewed;original-port-reset-assertions-retained
test/app-nxvm/unit/core/devices/core_machine_enter_leave_smoke.c	DELETED	complete-original-body-reviewed;retained-at-test-x86-ibmpc-common-stack-receiver;exact-normalized-body-and-dual-width-proof
test/app-nxvm/unit/core/devices/core_machine_executor_run_smoke.c	DELETED	complete-source-baseline-diff-reviewed;program-budget-reset-observations-retained-in-neutral-core
test/app-nxvm/unit/core/devices/core_machine_fdc_media_change_port_smoke.c	DELETED	reviewed: complete baseline/diff; seventeen checkpoints retained in Shared receiver
test/app-nxvm/unit/core/devices/core_machine_fdc_smoke.c	DELETED	reviewed: full 1171-line baseline and entire diff; all matrices and assertions retained in Shared receiver
test/app-nxvm/unit/core/devices/core_machine_fdc_topology_port_smoke.c	DELETED	reviewed: complete baseline/diff; topology assertions retained in Shared receiver
test/app-nxvm/unit/core/devices/core_machine_fpu_8087_smoke.c	DELETED	complete-source-baseline-and-split-receiver-diff-reviewed;all-fpu-contexts-reconciled;failure-output-probes-and-dual-width-pass
test/app-nxvm/unit/core/devices/core_machine_fs_gs_stack_smoke.c	557C449D6CBC7529B7AB99E6AD468898137D343A61972FF652C16F61EC7952F0	original-and-current-whole-body-reviewed;both-pop-stack-faults-retained;unwritten-snapshot-consumers-short-circuited;cpu-pair-reviewed;dual-width-and-actual-failure-probes-pass
test/app-nxvm/unit/core/devices/core_machine_gpr_mov_smoke.c	DELETED	complete-original-and-receiver-reviewed;all-four-protected-and-IRQ-contexts-retained;receiver-test/x86/ibmpc-common/core_machine_gpr_mov_smoke.c
test/app-nxvm/unit/core/devices/core_machine_gpr_push_pop_smoke.c	DELETED	complete-original-body-reviewed;retained-at-test-x86-ibmpc-common-stack-receiver;exact-normalized-body-and-dual-width-proof
test/app-nxvm/unit/core/devices/core_machine_hdc_smoke.c	DELETED	reviewed: complete baseline/diff paired with Shared WD1003/ATA receiver; every assertion retained
test/app-nxvm/unit/core/devices/core_machine_hlt_s49_smoke.c	DELETED	deleted-receiver-paired;board-halt-irq-vm86-preserved;cpu-private-cpl0-cpl3-checks-restored
test/app-nxvm/unit/core/devices/core_machine_imul_immediate_s56_smoke.c	DELETED	complete-original-and-receiver-reviewed;protected-limit-and-two-irq-forms-retained;dual-width-and-nine-failed-writes-pass
test/app-nxvm/unit/core/devices/core_machine_imul2_smoke.c	DELETED	deleted-source-paired;complete-source-baseline-diff-reviewed;instruction-bytes-and-nonpublication-assertions-exact-after-include-and-FLAGS-substitutions;dual-width-receivers-pass
test/app-nxvm/unit/core/devices/core_machine_inc_dec_final_group_board_smoke.c	DELETED	deleted-receiver-paired;complete-source-baseline-diff-reviewed;entire-body-equal-after-equal-valued-flags-and-includes;all-original-cases-retained;dual-width-pass
test/app-nxvm/unit/core/devices/core_machine_inc_dec_first_group_board_smoke.c	DELETED	deleted-receiver-paired;complete-source-baseline-diff-reviewed;entire-body-equal-after-equal-valued-flags-and-includes;all-original-cases-retained;dual-width-pass
test/app-nxvm/unit/core/devices/core_machine_inc_dec_second_group_board_smoke.c	DELETED	deleted-receiver-paired;complete-source-baseline-diff-reviewed;entire-body-equal-after-equal-valued-flags-and-includes;all-original-cases-retained;dual-width-pass
test/app-nxvm/unit/core/devices/core_machine_interrupt_return_composition_s4_smoke.c	DELETED	complete-original-source-and-receiver-diff-reviewed;paired-receiver-preserves-contexts;dual-width-pass
test/app-nxvm/unit/core/devices/core_machine_iret_s51_smoke.c	DELETED	deleted-source-paired;complete-source-baseline-diff-reviewed;IRET-Core-and-CPU-contexts-paired;guest-bootstrap-stack-frame-cache-and-full-state-rollback-assertions-retained;dual-width-receivers-pass;failed-output-predicates-guarded;injected-run-failures-rejected
test/app-nxvm/unit/core/devices/core_machine_kbc_aux_port_smoke.c	DELETED	reviewed: complete original AUX protocol and queue assertions retain Shared receiver; early failure cleanup repaired
test/app-nxvm/unit/core/devices/core_machine_kbc_controller_smoke.c	DELETED	assertions-received-by-AT-Core-Board; dual-width-case-passed
test/app-nxvm/unit/core/devices/core_machine_kbc_serial_cadence_smoke.c	DELETED	reviewed: complete original serial cadence reset and BAT-byte assertions retain Shared receiver
test/app-nxvm/unit/core/devices/core_machine_lahf_sahf_board_smoke.c	DELETED	deleted-receiver-paired;complete-source-baseline-diff-reviewed;entire-body-equal-after-equal-valued-flags-and-includes;all-original-cases-retained;dual-width-pass
test/app-nxvm/unit/core/devices/core_machine_lea_smoke.c	DELETED	complete-original-and-receiver-reviewed;LEA-IRQ-frame-context-retained;receiver-test/x86/ibmpc-common/core_machine_lea_smoke.c
test/app-nxvm/unit/core/devices/core_machine_legacy_alu_s2_smoke.c	6E082FFCFBB9F65159AA73780AE0736239F45910876C11B4A0034ECDB44C866C	original-and-current-whole-body-reviewed;normalized-body-identical;two-profile-divide-frame-and-flags-contexts-retained;dual-width-and-actual-failure-probes-pass
test/app-nxvm/unit/core/devices/core_machine_legacy_lock_s1_smoke.c	A16EABF2C339364B893487B8187A4DCE4E89811B7BE863EFBFEBC6F1CCCDB3B6	qualified;complete-original-current-body;normalized-equal;dual-width-pass
test/app-nxvm/unit/core/devices/core_machine_legacy_sreg_stack_smoke.c	DELETED	complete-original-and-receiver-reviewed;16-contexts-and-eight-arrays-retained;dual-width-and-241-failure-positions-pass
test/app-nxvm/unit/core/devices/core_machine_les_lds_s41_smoke.c	DELETED	complete-original-current-segment-pointer-Board-review;retained-cases;dual-width-and-failure-probes-pass
test/app-nxvm/unit/core/devices/core_machine_les_lds_smoke.c	DELETED	complete-original-current-segment-pointer-Board-review;retained-cases;dual-width-and-failure-probes-pass
test/app-nxvm/unit/core/devices/core_machine_lss_lfs_lgs_smoke.c	DELETED	complete-original-current-segment-pointer-Board-review;retained-cases;dual-width-and-failure-probes-pass
test/app-nxvm/unit/core/devices/core_machine_memory_inspection_smoke.c	DELETED	complete-source-baseline-diff-reviewed;all-observe-only-parity-preview-page-table-and-error-assertions-retained
test/app-nxvm/unit/core/devices/core_machine_moffs_smoke.c	DELETED	complete-original-and-receiver-reviewed;all-four-protected-and-IRQ-contexts-retained;receiver-test/x86/ibmpc-common/core_machine_moffs_smoke.c
test/app-nxvm/unit/core/devices/core_machine_movx_smoke.c	0624B072B0DED4F333FF33E63774010B8E6FEDA1AB5335E482A99D55C974F9F5	original-and-current-whole-body-reviewed;16-opcode-modrm-profile-rejections-and-protected-limit-retained;one-public-route-batch;failed-producer-consumers-short-circuited;dual-width-and-actual-failure-probes-pass
test/app-nxvm/unit/core/devices/core_machine_operand_address_smoke.c	718BFE43BBEBCBA810BA31E9715E9DA1C85500AFEC51831D9EF9CC6A432DC4E7	qualified;complete-original-current-body;normalized-equal;dual-width-pass
test/app-nxvm/unit/core/devices/core_machine_pic_phase_s2_smoke.c	DELETED	reviewed: complete 212-line baseline paired with Core-owned interrupt transaction receiver; all assertions retained
test/app-nxvm/unit/core/devices/core_machine_plan_smoke.c	DELETED	reviewed deletion: original plan smoke received by Shared Board test plus Core plan fixture; complete diff preserves original predicates
test/app-nxvm/unit/core/devices/core_machine_planar_parity_nmi_s3_smoke.c	DELETED	deletion-paired;original-assertions-retained-in-Shared-receiver-and-Core-fixture
test/app-nxvm/unit/core/devices/core_machine_port_assembly_smoke.c	EC5F739FE5CD1BB76DA040EBF270636F6FEC83D264B59B7EE97979C3280541B0	full-source-and-original-main-review;all-original-matrix-loops-and-product-d4-attachment-retained
test/app-nxvm/unit/core/devices/core_machine_prefix_attributes_s64_smoke.c	DELETED	complete-original-and-receiver-reviewed;all-prefix-IRQ-frame-register-PIC-assertions-retained;receiver-test/x86/ibmpc-common/core_machine_prefix_attributes_s64_smoke.c
test/app-nxvm/unit/core/devices/core_machine_protected_16_call_gate_board_smoke.c	9B84E4EA08F5900924A44C69A4DF7866A3B796E952935FE22599D936DA2B2F78	complete-source-baseline-diff-reviewed;five-16bit-call-gate-contexts-retained;redundant-failure-report-queries-removed;dual-width-and-actual-source-failure-probe-pass
test/app-nxvm/unit/core/devices/core_machine_protected_16_external_board_smoke.c	4C9768E426696BF0A5EBB263E077E824BC4525A29C352543435DA1410E99A8E6	complete-source-baseline-diff-reviewed;ten-software-DPL-NMI-contexts-retained;redundant-failure-report-queries-removed;dual-width-and-actual-source-failure-probe-pass
test/app-nxvm/unit/core/devices/core_machine_protected_16_gate_board_smoke.c	C208676DD04AEA5313353B7B494418343ADB6ECAF256B1CA1463F664038D7084	complete-source-baseline-diff-reviewed;ten-gate-prefix-lock-present-entry-contexts-retained;public-constants-only;dual-width-and-actual-source-failure-probe-pass
test/app-nxvm/unit/core/devices/core_machine_protected_16_outer_board_smoke.c	619D1ADFE7A7C9AD66F03B258E5862DB3574418659AFDD411F4ED855B6CAD50B	complete-source-baseline-diff-reviewed;six-profile-TSS-gate-NMI-contexts-retained;public-constants-only;dual-width-and-actual-source-failure-probe-pass
test/app-nxvm/unit/core/devices/core_machine_protected_16_outer_iret_board_smoke.c	FDF5B10B219EABCB78550040AAAF519049267FD129F9BDE78ED0C4D9BEAC1A3E	complete-source-baseline-diff-reviewed;seven-IRET-RETF-contexts-retained;redundant-failure-report-queries-removed;dual-width-and-actual-source-failure-probe-pass
test/app-nxvm/unit/core/devices/core_machine_protected_ud_delivery_s1_smoke.c	D5797F016A23843D3CA575E5BEFC8F421DC33CFAC06E47F22EFD267A89D9546B	qualified;complete-body-diff;byte-arrays-equal;dual-width-pass;actual-source-failure-probe
test/app-nxvm/unit/core/devices/core_machine_push_immediate_smoke.c	DELETED	complete-original-body-reviewed;retained-at-test-x86-ibmpc-common-stack-receiver;exact-normalized-body-and-dual-width-proof
test/app-nxvm/unit/core/devices/core_machine_pusha_popa_smoke.c	DELETED	complete-original-body-reviewed;retained-at-test-x86-ibmpc-common-stack-receiver;exact-normalized-body-and-dual-width-proof
test/app-nxvm/unit/core/devices/core_machine_pushf_popf_board_smoke.c	DELETED	deleted-receiver-paired;complete-source-baseline-diff-reviewed;entire-body-equal-after-equal-valued-flags-and-includes;all-original-cases-retained;dual-width-pass
test/app-nxvm/unit/core/devices/core_machine_ram_create_smoke.c	DELETED	complete-original-current-Core-memory-ROM-transaction-timeline-review;retained-coverage;dual-width-and-failure-probes-pass
test/app-nxvm/unit/core/devices/core_machine_real_exception_final_s1_smoke.c	45AD482524AA4E31823E9BB729B41FFAD71B585F0A75ED6BDA8DBFFA380E5260	qualified;complete-body-diff;public-reset-entry;byte-arrays-equal;dual-width-pass;actual-source-failure-probe
test/app-nxvm/unit/core/devices/core_machine_real_mode_386_address_smoke.c	DELETED	complete-original-body-reviewed;paired-test-x86-core-receiver;all-memory-reset-time-assertions-retained
test/app-nxvm/unit/core/devices/core_machine_real_mode_386_rep_cmps_smoke.c	DELETED	reviewed-complete-original-and-core-receiver;three-rep-string-contexts-preserved
test/app-nxvm/unit/core/devices/core_machine_real_mode_corpus_smoke.c	DELETED	complete-original-and-receiver-reviewed;four-8086-contexts-and-eleven-arrays-retained;dual-width-and-failure-output-publication-pass
test/app-nxvm/unit/core/devices/core_machine_real_mode_tick_smoke.c	DELETED	complete-original-body-reviewed;paired-test-x86-core-receiver;all-memory-reset-time-assertions-retained
test/app-nxvm/unit/core/devices/core_machine_real_ud_delivery_s1_smoke.c	9E995D341F5366CA68BF0AA22AAED4E701A5FB55CCE595A02E3C948D5A7D4242	qualified;complete-body-diff;byte-arrays-equal;dual-width-pass;actual-source-failure-probe
test/app-nxvm/unit/core/devices/core_machine_rom_route_transaction_smoke.c	DELETED	complete-original-current-Core-memory-ROM-transaction-timeline-review;retained-coverage;dual-width-and-failure-probes-pass
test/app-nxvm/unit/core/devices/core_machine_rotate_smoke.c	DELETED	deleted-source-paired;complete-source-baseline-diff-reviewed;instruction-bytes-and-nonpublication-assertions-exact-after-include-and-FLAGS-substitutions;dual-width-receivers-pass
test/app-nxvm/unit/core/devices/core_machine_rtc_cmos_s3_smoke.c	DELETED	reviewed: complete baseline/current diff; neutral Core replaces synthetic port table; RTC flags/IRQ8/masking/defaults/timing assertions retained; PIC setup and EOI failures checked; dual-width pass
test/app-nxvm/unit/core/devices/core_machine_rtc_smoke.c	DELETED	reviewed: general RTC receiver retains timing IRQ and reset assertions in Shared; setup failures checked
test/app-nxvm/unit/core/devices/core_machine_segment_selector_smoke.c	E364EA58C8F19BA9A883C31D81EE96C5376ECDA85970D712CE866774731E93A5	qualified;complete-body-diff;byte-arrays-equal;dual-width-pass;actual-source-failure-and-lifetime-probe
test/app-nxvm/unit/core/devices/core_machine_setcc_smoke.c	DELETED	deleted-source-paired;complete-source-baseline-diff-reviewed;instruction-bytes-and-nonpublication-assertions-exact-after-include-and-FLAGS-substitutions;dual-width-receivers-pass
test/app-nxvm/unit/core/devices/core_machine_sign_extend_smoke.c	DELETED	complete-original-and-receiver-reviewed;CBW-CWD-register-and-IRQ-assertions-retained;receiver-test/x86/ibmpc-common/core_machine_sign_extend_smoke.c
test/app-nxvm/unit/core/devices/core_machine_software_int_s50_smoke.c	DELETED	reviewed-complete-original-and-cpu-board-receivers;90-original-contexts-preserved
test/app-nxvm/unit/core/devices/core_machine_sreg_mov_smoke.c	DELETED	complete-original-and-receiver-reviewed;nine-contexts-and-seven-arrays-retained;dual-width-and-136-failure-positions-pass
test/app-nxvm/unit/core/devices/core_machine_xchg_smoke.c	DELETED	complete-original-and-receiver-reviewed;all-five-atomicity-and-IRQ-contexts-retained;receiver-test/x86/ibmpc-common/core_machine_xchg_smoke.c
test/app-nxvm/unit/core/devices/core_machine_xebec_wiring_smoke.c	DELETED	complete-original-and-receiver-reviewed;eight-command-arrays-and-ten-port-directions-retained;dma3-media-irq5-mask-reset-pass;dual-width-and-six-failed-producers-pass
test/app-nxvm/unit/core/devices/cpu_bus_boundary_negative.cmake	CFD40582F2733E1AF7E7D34B35222B50E95F0004FE26333A70C6075B84B071C4	qualified;complete-original-current-body-diff;retained-173-controls;dual-width-pass
test/app-nxvm/unit/core/devices/cpu_execution_context_smoke.c	DELETED	complete-original-body-reviewed;paired-chip-local-cpu-execution-context-receiver;five-profile-snapshot-and-invalid-query-assertions-retained;dual-width-pass
test/app-nxvm/unit/core/devices/cpu_fault_diagnostic_smoke.c	E646D3ED4D4B41714F0B415EBD1C942735473DA810647395CC93E90F7C67B6D8	complete-source-baseline-diff-reviewed;public-cpu-and-board-contracts;original-profile-metadata-fault-or-lexical-coverage-retained;dual-width-seven-case-pass
test/app-nxvm/unit/core/devices/cpu_fpu_profile_closure_smoke.c	8D404248E3275897795FBDF3D8EB1901B671405ECB8017D60E0755F192B67919	complete-source-baseline-diff-reviewed;public-cpu-and-board-contracts;original-profile-metadata-fault-or-lexical-coverage-retained;dual-width-seven-case-pass
test/app-nxvm/unit/core/devices/cpu_fpu_profile_smoke.c	74B2C7B8D3678616C1D2984CA518C88E214312B9A6E3BF62E7B8736E9633DB51	complete-source-baseline-diff-reviewed;public-cpu-and-board-contracts;original-profile-metadata-fault-or-lexical-coverage-retained;dual-width-seven-case-pass
test/app-nxvm/unit/core/devices/cpu_int_ivt_smoke.c	DELETED	complete-baseline-source-reviewed;receiver-in-test-x86-retains-programs-contexts-and-assertions;old-private-import-path-removed;dual-width-receiver-pass
test/app-nxvm/unit/core/devices/fdc_boundary_negative.cmake	16329EE0B68F12C5AA284897205E99F9EA2DDDED323FCE5322E31997244ED7B4	qualified;complete-original-current-body-diff;retained-seven-controls;dual-width-pass
test/app-nxvm/unit/core/devices/machine_80186_instruction_timing_ledger_smoke.c	DELETED	complete-original-current-pair-reviewed;61-static-tables-and-main-retained;neutral-core-receiver-dual-width-pass
test/app-nxvm/unit/core/devices/machine_80186_timing_manifest_runner.c	4BACBB3CF4ABB7C4F3EBC2A06180A07CA87A0DD27C6CE6AF73C76FE4020237D1	qualified: complete source/original diff; original main and recipe tables unchanged after flags owner renaming; checked public preparation and cleanup; both-width full recipe tests; 319 failed-operation/16 successful-null probes and final-write close check
test/app-nxvm/unit/core/devices/machine_80286_instruction_timing_ledger_smoke.c	DELETED	complete-original-receiver-diff;110-static-arrays-main-preserved;architectural-setup-and-relative-timing-owner-reconciled
test/app-nxvm/unit/core/devices/machine_80286_timing_manifest_runner.c	13630E53D81729433BB771F80B18E785F21DE19A4DC654038A1F21A7D8E98663	reviewed: complete current source/diff and retained main reconciled; public table/gate/task setup preserves original seeds and target timing; checked producer failures and unconditional writer cleanup probed; dual-width normal runner passes
test/app-nxvm/unit/core/devices/machine_80386_protected_io_timing_smoke.c	DELETED	reviewed;public-guest-privilege-bootstrap;34-contexts-retained;dual-width-pass
test/app-nxvm/unit/core/devices/machine_80386_timing_manifest_runner.c	8E84575B2DC834EC615EB2DEFF2D1BB32FDCEB49A56F68EE0B42EB4DECA19E6A	reviewed: whole source and 1627-line baseline diff reconciled; main recipes/tables equal after FLAGS names and trailing newline; real protected setup precedes retirement observation; failed/null/invalid owner probes and dual-width normal cases pass
test/app-nxvm/unit/core/devices/machine_8086_instruction_timing_ledger_smoke.c	DELETED	original-receiver-full-diff;83-static-arrays-and-21-group3-recipes-and-main-preserved;neutral-Core-owner-qualified
test/app-nxvm/unit/core/devices/machine_8086_timing_manifest_runner.c	0E57EEFD3D999F8E39CF2ED2381D236E9FAB40E617171E0840C365A6A7F0ED2C	reviewed: whole source and 1362-line baseline diff; 116 static arrays and main dispatcher retained; public seeds/copied snapshots and bounded failure/null/close proofs; 1053 results per profile; current normal cases pass per width
test/app-nxvm/unit/core/devices/machine_arbitration_s3_smoke.c	DELETED	whole-original-and-receiver-reviewed;trace-arbitration-preserved;dual-width-pass
test/app-nxvm/unit/core/devices/machine_arpl_board_smoke.c	DELETED	complete-original-and-receiver-reviewed;all-four-ARPL-prefix-limit-IRQ-contexts-preserved-in-Shared-owner;whole-normalized-body-identical;dual-width-pass
test/app-nxvm/unit/core/devices/machine_bound_board_smoke.c	DELETED	reviewed;complete-original-receiver-pair;8-contexts-retained;dual-width-pass
test/app-nxvm/unit/core/devices/machine_call_gate_smoke.c	DELETED	complete-original-source-and-receiver-diff-reviewed;paired-receiver-preserves-contexts;dual-width-pass
test/app-nxvm/unit/core/devices/machine_checked_memory_smoke.c	DELETED	relocation-reviewed;receiver-test/x86/core/machine_checked_memory_smoke.c
test/app-nxvm/unit/core/devices/machine_cli_sti_interrupt_smoke.c	DELETED	deleted-receiver-paired;real-irq-and-8088-programs-retained;guest-mode-fixture-change-reviewed
test/app-nxvm/unit/core/devices/machine_cmps_board_smoke.c	DELETED	deleted-receiver-paired;original-string-irq-memory-index-flags-and-fault-cases-retained
test/app-nxvm/unit/core/devices/machine_competition_80386_s1_smoke.c	DELETED	relocation-reviewed;receiver-test/x86/core/machine_competition_80386_s1_smoke.c
test/app-nxvm/unit/core/devices/machine_competition_s3_smoke.c	9191E937DACDF5676FF9EF2024D317BCB40D37FF089AF4BD9CA636A9E22B73AF	complete-original-current-diff-reviewed;D4-owned-App-test-retained;30-failed-producer-positions-reject-and-cleanup;dual-width-regression-pass
test/app-nxvm/unit/core/devices/machine_configuration_smoke.c	DELETED	complete-baseline-source-reviewed;receiver-in-test-x86-retains-programs-contexts-and-assertions;old-private-import-path-removed;dual-width-receiver-pass
test/app-nxvm/unit/core/devices/machine_control_state_board_smoke.c	DELETED	deleted-receiver-paired;all-arrays-profile-lock-irq-frame-and-early-cr-cases-retained
test/app-nxvm/unit/core/devices/machine_cpu_pic_lifecycle_smoke.c	DELETED	complete-source-baseline-diff-reviewed;guest-reset-port-and-irr-retained;identity-check-paired-with-core-executor-owner
test/app-nxvm/unit/core/devices/machine_cpu_profile_gate_smoke.c	DELETED	deleted-paired-core-profile-and-cpu-8088-queue-receivers-reviewed;original-main-cases-mapped
test/app-nxvm/unit/core/devices/machine_d4_refresh_hold_smoke.c	FDFCCF6FF772C6703DBD3AB49E4F298F71E2E6DFA498C1AE39D8538749E5DC33	whole-original-and-receiver-reviewed;D4-19-11-refresh-DMA-HOLD-reset-preserved;twenty-two-failed-producers-cleanup-probed;dual-width-pass
test/app-nxvm/unit/core/devices/machine_debug_state_board_smoke.c	DELETED	complete-source-baseline-diff-reviewed;original-real-protected-debug-delivery-pic-priority-and-rejected-form-matrices-retained
test/app-nxvm/unit/core/devices/machine_entry_plan_smoke.c	DELETED	original-and-receiver-reviewed;shared-board-entry-plan-preserved;dual-width-pass
test/app-nxvm/unit/core/devices/machine_explicit_time_s4_smoke.c	DELETED	complete-original-body-reviewed;paired-test-x86-core-receiver;all-memory-reset-time-assertions-retained
test/app-nxvm/unit/core/devices/machine_firmware_capability_smoke.c	DELETED	complete-original-current-firmware-and-legacy-timing-review;retained-coverage;dual-width-and-failure-probes-pass
test/app-nxvm/unit/core/devices/machine_fpu_escape_smoke.c	355847FE96A150894B1C9982C82641D5EF9013E281EDB0B8358F0F85C0A8E9C1	complete-source-baseline-and-split-receiver-diff-reviewed;all-fpu-contexts-reconciled;failure-output-probes-and-dual-width-pass
test/app-nxvm/unit/core/devices/machine_fpu_interface_s65_smoke.c	DELETED	complete-source-baseline-and-split-receiver-diff-reviewed;all-fpu-contexts-reconciled;failure-output-probes-and-dual-width-pass
test/app-nxvm/unit/core/devices/machine_hardware_delivery_s3_smoke.c	DELETED	reviewed;4-priority-contexts-retained;CPU-owned-NMI-state-pairing;dual-width-and-21-failure-positions-pass
test/app-nxvm/unit/core/devices/machine_idt_privilege_pic_board_smoke.c	DELETED	reviewed-complete-original-and-cpu-pic-receiver;idt-privilege-context-preserved
test/app-nxvm/unit/core/devices/machine_immutable_rom_mapping_smoke.c	DELETED	complete-original-body-reviewed;paired-test-x86-core-receiver;all-memory-reset-time-assertions-retained
test/app-nxvm/unit/core/devices/machine_input_display_s5_smoke.c	DELETED	deleted-receiver-paired;complete-source-baseline-diff-reviewed;ten-lifecycle-guards-operation-lock-trace-order-and-reset-retained;dual-width-pass
test/app-nxvm/unit/core/devices/machine_instance_smoke.c	DELETED	relocation-reviewed;receiver-test/x86/core/machine_instance_smoke.c
test/app-nxvm/unit/core/devices/machine_instruction_timing_ledger_smoke.c	DELETED	complete-original-source-reviewed;all-eight-case-groups-retained-in-neutral-core-receiver;private-CPU-borrow-removed
test/app-nxvm/unit/core/devices/machine_instruction_timing_smoke.c	DELETED	Complete original source reconciled to neutral Core receiver; nine timing cases/main markers retained; private IDTR setup replaced by guest LIDT and unchanged no-fault-charge relation; normal dual-width and bounded failed/null producer probes pass.
test/app-nxvm/unit/core/devices/machine_interrupt_entry_smoke.c	DELETED	original-whole-body-and-26-contexts-reconciled-to-board-receiver;cpu-cache-and-nmi-latches-retained-at-chip-owner;dual-width-and-145-write-rejection-contexts-pass
test/app-nxvm/unit/core/devices/machine_legacy_timing_normalization_s2_smoke.c	DELETED	complete-original-current-firmware-and-legacy-timing-review;retained-coverage;dual-width-and-failure-probes-pass
test/app-nxvm/unit/core/devices/machine_lods_board_smoke.c	DELETED	deleted-receiver-paired;original-string-irq-memory-index-flags-and-fault-cases-retained
test/app-nxvm/unit/core/devices/machine_memory_device_registration_s16_smoke.c	DELETED	complete-original-body-reviewed;paired-test-x86-core-receiver;all-memory-reset-time-assertions-retained
test/app-nxvm/unit/core/devices/machine_movs_board_smoke.c	DELETED	deleted-receiver-paired;original-string-irq-memory-index-flags-and-fault-cases-retained
test/app-nxvm/unit/core/devices/machine_outer_iret_pic_board_smoke.c	DELETED	reviewed-complete-original-and-cpu-pic-receiver;outer-iret-irq-context-preserved
test/app-nxvm/unit/core/devices/machine_pit_divider_smoke.c	DELETED	deletion-paired;complete-Shared-PIT-divider-receiver-retains-original-assertions
test/app-nxvm/unit/core/devices/machine_port_io_board_smoke.c	DELETED	reviewed;complete-original-receiver-pair;8-contexts-retained;dual-width-pass
test/app-nxvm/unit/core/devices/machine_port_ownership_board_smoke.c	DELETED	reviewed: complete 266-line baseline; all port conflict, read/write failure and FDC split-route assertions retained in Shared receiver
test/app-nxvm/unit/core/devices/machine_port_strings_board_smoke.c	DELETED	reviewed;complete-original-receiver-pair;8-contexts-retained;dual-width-pass
test/app-nxvm/unit/core/devices/machine_prefetch_locality_smoke.c	DELETED	complete-source-baseline-diff-reviewed;transaction-predicates-retained-in-core;real-pit-refresh-and-prefetch-in-model40-receiver
test/app-nxvm/unit/core/devices/machine_protected_data_pic_board_smoke.c	DELETED	complete-baseline-source-reviewed;receiver-in-test-x86-retains-programs-contexts-and-assertions;old-private-import-path-removed;dual-width-receiver-pass
test/app-nxvm/unit/core/devices/machine_protected_far_pic_board_smoke.c	DELETED	complete-baseline-source-reviewed;receiver-in-test-x86-retains-programs-contexts-and-assertions;old-private-import-path-removed;dual-width-receiver-pass
test/app-nxvm/unit/core/devices/machine_protected_iret_smoke.c	DELETED	deleted-source-paired;complete-source-baseline-diff-reviewed;IRET-Core-and-CPU-contexts-paired;guest-bootstrap-stack-frame-cache-and-full-state-rollback-assertions-retained;dual-width-receivers-pass;failed-output-predicates-guarded;injected-run-failures-rejected
test/app-nxvm/unit/core/devices/machine_protected_privilege_board_smoke.c	EE52BBE58DDA321C8C3838809A914C969111E06A52FBD81787141F35FCD95778	Reviewed complete original/current/diff; retain seven privilege contexts and expected atomicity fault; propagate diagnostic failures; dual-width normal and 143 failed-status/one null-Core probes pass.
test/app-nxvm/unit/core/devices/machine_rational_clock_smoke.c	DELETED	reviewed deletion: rational test received by Core with unchanged clock/provider assertions; unused PC board no longer constructed
test/app-nxvm/unit/core/devices/machine_reset_rom_alias_smoke.c	DELETED	deletion-paired;all-original-reset-ROM-and-absent-memory-assertions-retained
test/app-nxvm/unit/core/devices/machine_retirement_observation_s3_smoke.c	DELETED	reviewed-complete-original-and-core-receiver;116-run-contexts-preserved
test/app-nxvm/unit/core/devices/machine_rtc_storage_s4_smoke.c	DELETED	reviewed: complete baseline/current source; includes only; RTC tick3 trace and reset assertions retained; dual-width pass
test/app-nxvm/unit/core/devices/machine_scas_board_smoke.c	DELETED	deleted-receiver-paired;original-string-irq-memory-index-flags-and-fault-cases-retained
test/app-nxvm/unit/core/devices/machine_scheduler_smoke.c	DELETED	deletion-paired;Core-scheduler-and-Board-timing-receivers-retain-all-original-assertions
test/app-nxvm/unit/core/devices/machine_stos_board_smoke.c	DELETED	deleted-receiver-paired;original-string-irq-memory-index-flags-and-fault-cases-retained
test/app-nxvm/unit/core/devices/machine_t359_s2_timing_smoke.c	DELETED	Complete original/current reconciliation; four profile rows, Group-3/prefix/odd-word/dynamic cases and main markers retained in Shared receiver; public register failure handling and cleanup verified dual-width and actual-source probes.
test/app-nxvm/unit/core/devices/machine_t359_s3_timing_smoke.c	DELETED	complete-original-source-reviewed;all-96-control-stack-timing-contexts-retained-at-shared-core-receiver;no-private-CPU-borrow
test/app-nxvm/unit/core/devices/machine_t359_s4_timing_smoke.c	DELETED	complete-original-and-receiver-reviewed;24-arrays-and-profile-scenarios-retained;public-Core-guest-mode-receiver-dual-width-pass
test/app-nxvm/unit/core/devices/machine_t359_s5_timing_smoke.c	DELETED	reviewed;20-rows-budget-and-UD-retained;21-byte-arrays-identical;dual-width-pass
test/app-nxvm/unit/core/devices/machine_t359_s6_timing_smoke.c	DELETED	reviewed;10-rows-LOCK-rejection-retained;12-byte-arrays-identical;dual-width-and-6-setup-failures-pass
test/app-nxvm/unit/core/devices/machine_table_register_board_smoke.c	DELETED	deleted-receiver-paired;all-table-irq-source-limit-dos-consumer-and-cpl-cases-retained
test/app-nxvm/unit/core/devices/machine_task_switch_cross_width_smoke.c	DELETED	Complete former source reconciled to independent CPU state and neutral Core receivers; eight original cases/bytes/markers preserved; private LDTR validity remains CPU-owned, Core observes public snapshot and saved memory; dual-width and Core failure probes pass.
test/app-nxvm/unit/core/devices/machine_task_switch16_pic_board_smoke.c	DELETED	reviewed-complete-original-and-cpu-pic-receiver;task16-irq-context-preserved
test/app-nxvm/unit/core/devices/machine_task_switch32_paging_smoke.c	30C799464D240295A1A9FFB75EDD4A49D5891B5298D8661757A5AF3EF1B49ABF	Reviewed complete original/current/diff; retain four paging/IRQ task-transfer contexts; reject failed/null producers before consumers; dual-width normal and 119 failed-status/two null-output probes pass.
test/app-nxvm/unit/core/devices/machine_time_smoke.c	CC90C079E3895F75F1A5EE8B493B9D151042C5613975DD6632ED7C3151D24A44	reviewed: all four axis rejections, reset/retirement values and D4 1-before-4 deadline retained; null/failed producers short-circuit and non-owned sentinel is never destroyed; both widths normal pass plus 29 failed statuses and six null/sentinel/unexpected-owner/no-advance modes with zero later calls/live owners; final S94 verification required
test/app-nxvm/unit/core/devices/machine_timeline_s2_smoke.c	DELETED	complete-original-current-Core-memory-ROM-transaction-timeline-review;retained-coverage;dual-width-and-failure-probes-pass
test/app-nxvm/unit/core/devices/machine_timing_checkpoint_smoke.c	DELETED	deleted-receiver-paired;all-16-exact-tick-status-and-reset-observations-retained
test/app-nxvm/unit/core/devices/machine_transaction_lifecycle_s4_smoke.c	DELETED	complete-original-current-Core-memory-ROM-transaction-timeline-review;retained-coverage;dual-width-and-failure-probes-pass
test/app-nxvm/unit/core/devices/machine_transaction_s2_smoke.c	DELETED	complete-original-current-Core-memory-ROM-transaction-timeline-review;retained-coverage;dual-width-and-failure-probes-pass
test/app-nxvm/unit/core/devices/machine_tss_iomap_port_authorization_smoke.c	DELETED	reviewed;7-contexts-11-byte-arrays-retained;dual-width-and-155-failure-positions-pass
test/app-nxvm/unit/core/devices/machine_vm86_delivery_smoke.c	DELETED	deleted-source-paired;complete-source-baseline-diff-reviewed;VM86-board-and-CPU-contexts-paired;public-bootstrap-and-frame-cache-rollback-assertions-retained;dual-width-receivers-pass
test/app-nxvm/unit/core/devices/machine_vm86_iret_smoke.c	DELETED	deleted-source-paired;complete-source-baseline-diff-reviewed;IRET-Core-and-CPU-contexts-paired;guest-bootstrap-stack-frame-cache-and-full-state-rollback-assertions-retained;dual-width-receivers-pass
test/app-nxvm/unit/core/devices/machine_vm86_lgdt_lidt_s5_smoke.c	DELETED	deleted-source-paired;complete-source-baseline-diff-reviewed;VM86-board-and-CPU-contexts-paired;public-bootstrap-and-frame-cache-rollback-assertions-retained;dual-width-receivers-pass;failed-run-diagnostic-read-guarded;two-injected-failures-rejected
test/app-nxvm/unit/core/devices/protected_16_timing_fixture.c	DELETED	complete-original-source-and-two-includers-reviewed;private-gate-bootstrap-replaced-by-existing-public-guest-bootstrap;renamed-main-was-not-invoked;full-manifest-runner-review-remains-open
test/app-nxvm/unit/core/devices/support/board_construction_fixture.h	DELETED	relocation-reviewed;split-core-construction-fixture-and-board-construction-fixture
test/app-nxvm/unit/core/devices/support/core_machine_board_fixture.h	DELETED	deletion-paired;original-helper-behavior-retained-by-Board-Core-and-owner-local-test-receivers
test/app-nxvm/unit/core/devices/support/core_machine_executor_fixture.h	DELETED	complete-source-baseline-diff-reviewed;neutral-core-executor-fixture-retains-create-failure-cleanup-and-explicit-reset-alias
test/app-nxvm/unit/core/devices/support/cpu_board_de_fixture.h	DELETED	deleted-fixture-paired;complete-source-baseline-diff-reviewed;real-descriptor-frame-register-memory-and-irq-assertions-retained;consumer-coverage-separate
test/app-nxvm/unit/core/devices/support/cpu_board_fault_fixture.h	DELETED	deleted-fixture-paired;complete-source-baseline-diff-reviewed;real-descriptor-frame-register-memory-and-irq-assertions-retained;consumer-coverage-separate
test/app-nxvm/unit/core/devices/support/cpu_board_flags_protected_fixture.h	DELETED	deleted-fixture-paired;complete-source-baseline-diff-reviewed;real-descriptor-frame-register-memory-and-irq-assertions-retained;consumer-coverage-separate
test/app-nxvm/unit/core/devices/support/cpu_board_irq_fixture.h	DELETED	deleted-fixture-paired;complete-source-baseline-diff-reviewed;real-descriptor-frame-register-memory-and-irq-assertions-retained;consumer-coverage-separate
test/app-nxvm/unit/core/devices/support/cpu_board_limit_fixture.h	DELETED	deleted-fixture-paired;complete-source-baseline-diff-reviewed;real-descriptor-frame-register-memory-and-irq-assertions-retained;consumer-coverage-separate
test/app-nxvm/unit/core/devices/support/dma_fixture.h	DELETED	reviewed: full baseline and synthetic port-owner adapter; actual neutral Core replaces shallow copied table; original transfer loop retained
test/app-nxvm/unit/core/devices/support/fdc_fixture.h	DELETED	reviewed: complete baseline paired with Shared fixture and unchanged wire-values header
test/app-nxvm/unit/core/devices/support/kbc_fixture.h	DELETED	complete-original-deletion-reviewed;Core-port-owner-wrapper-replaced-by-real-neutral-executor-and-AT-adapter-fixture;consumer-assertion-reviews-retained
test/app-nxvm/unit/core/devices/support/machine_cpu_fixture.h	DELETED	complete-retired-body-reviewed;nine-private-cpu-borrow-helpers-and-delivery-macro-retired;only-forbidden-include-negative-remains;manifest-recipes-still-separately-pending
test/app-nxvm/unit/core/devices/support/port_owner_fixture.h	DELETED	qualified-original-deletion; both original DMA/KBC fixture callers reconciled to real neutral Core construction and checked bus access; no copied port table/open-close helper remains; consumer body/final verification dispositions separate
test/app-nxvm/unit/core/devices/support/protected_16_bootstrap_fixture.h	0E0505D2C692B84F08F1E037D58626836AA054C5756F77A0A8B25F721D8BC399	complete-source-baseline-diff-reviewed;public-board-header-and-six-matching-guest-encoding-constants;successful-null-constructor-rejected-before-setup;all-bootstrap-TSS-IRET-bytes-and-assertions-retained;actual-source-failure-probe-pass
test/app-nxvm/unit/core/devices/support/protected_pic_board_fixture.h	DELETED	complete-baseline-source-reviewed;receiver-in-test-x86-retains-programs-contexts-and-assertions;old-private-import-path-removed;dual-width-receiver-pass
test/app-nxvm/unit/core/machine/core_mantle_shape_smoke.c	DELETED	whole-original-reviewed;provider-media-composition-moved-to-Shared;dual-width-and-independent-pass
test/app-nxvm/unit/core/machine/ram_port_context_smoke.c	DELETED	complete-original-body-reviewed;paired-test-x86-core-receiver;all-memory-reset-time-assertions-retained
test/app-nxvm/unit/core/machine/support/kbc_fixture.h	DELETED	complete-original-deletion-reviewed;bounded-command-read-receiver-is-AT-command-fixture-through-Board-wrapper;App-consumer-reviews-remain-separately-inventoried
test/app-nxvm/unit/core/machine/support/rom/model40_session_assets.h	AF31C806F893F5382D1E43012111EE2BE238B40311230ED73DDB0BF795958AD4	complete-source-reviewed;test-only-owner-local-contract;no-production-route-or-second-state;receiving-contexts-retained
test/app-nxvm/unit/core/machine/support/vm_presentation_capture.h	973A1EF4FBFB3659C8B9086672EB284EE7E68291726CD6440A8AA44BBA2C103C	complete-source-reviewed;test-only-owner-local-contract;no-production-route-or-second-state;receiving-contexts-retained
test/app-nxvm/unit/core/machine/vm_cga_640_system_smoke.c	DELETED	original-reviewed;BIOS-dependent-program-and-assertions-moved-to-registered-integration
test/app-nxvm/unit/core/machine/vm_cga_graphics_system_smoke.c	7F10FA535ECA086BD21E60254237C6CEA645840D7FD9A2ABF5797F227C8F3A1D	whole-source-and-baseline-reviewed;original-program-registered;failed-producers-probed;dual-width-pass
test/app-nxvm/unit/core/machine/vm_cmos_rtc_port_smoke.c	279A992A4EDD941BD5A33DCF786043F7B32D52E132BC02CA40D86FA3DA13C9FA	reviewed: all fifteen CMOS checkpoints retained; private operations move to owner-local CMOS fixture
test/app-nxvm/unit/core/machine/vm_default_pc_at_apply_smoke.c	4453D35A160E54F3A8DD82F401CEF29BD71D9D0595669D73D9D3F4B4C3E09A63	original-and-current-reviewed;four-format-cmos-refresh-preserved;failed-producer-cleanup-probe-pass;dual-width-pass
test/app-nxvm/unit/core/machine/vm_display_composition_s5_smoke.c	8B18F460AB87AF571D8D1F94B5215B64D7DD2B318FFF71529616427B4D70C154	reviewed: complete source/diff; original text/CGA/EGA pixels/palette/generation/reset assertions retained; public Core bus and same B8000h address
test/app-nxvm/unit/core/machine/vm_ega_sequencer_system_smoke.c	5A878E6738F556A200D85931444FE0851CBFC12EE1442D9DF92BCEF9BEC108DA	whole-source-and-baseline-reviewed;failed-producers-and-construction-cleanup-probed;dual-width-pass
test/app-nxvm/unit/core/machine/vm_fault_outcome_runner_smoke.c	D179098B00EC3CEB2273FB2FB255D4AA332F31D63CFB3C25408B2282222D3B21	whole-source-and-baseline-reviewed;terminal-UD-reset-checks-preserved;failed-producers-probed;dual-width-pass
test/app-nxvm/unit/core/machine/vm_fdc_authority_smoke.c	919AE16229379368EB26787DEBBC0B06ECBA79D124007B7D86AC31740DD78C3F	complete-source-baseline-diff-reviewed;all-original-binding-port-media-data-phase-irq-reset-and-error-assertions-retained;dual-width-pass
test/app-nxvm/unit/core/machine/vm_fdc_port_smoke.c	A7825B995DE04A63A75B7182986BF06105EB841B8F4E5DD5531DFC25A5F7C709	Reviewed complete original/current/diff and controller declarations; preserve no-media/seek/disk-change/format/IRQ/write-protect/rate/512-byte PIO/result assertions and separate one-tick advances; existing public bus status checked and one owner cleanup; actual source rejects 702 failed results and null/inactive/null-Core owners with no later monitored calls/live owners; dual-width normal pass; final full verification remains required
test/app-nxvm/unit/core/machine/vm_fdc_t242_corpus_port_smoke.c	9AEDC1C6D7F6F8F1D900918F78F0DA2C9B9D596AC90C939B769CC18FD1EBF43F	Reviewed complete original/current/diff; retain motor rejection/untouched RAM/DMA2/eighteen-sector data/deadline bound/terminal CHRN/SENSE IRQ/non-MFM assertions; checked public bus and separate ticks with single cleanup; remove post-failure diagnostics and repeated byte-read loops; actual source rejects 130 selected failed/unadvanced results plus null/null-Core owners, no later calls/live owners; long media/deadline loops sampled first/middle/last, not exhaustive; dual-width normal pass; final full verification remains required
test/app-nxvm/unit/core/machine/vm_hdc_port_smoke.c	4D45CB4EACEF983D25B50149C0768E5928A3CD90C769C3530E9C3F28F257D4F5	complete-source-baseline-diff-reviewed;all-original-binding-port-media-data-phase-irq-reset-and-error-assertions-retained;dual-width-pass
test/app-nxvm/unit/core/machine/vm_ibm_5170_direct_plan_smoke.c	CD02D844EA41B7F81830B67A61947FB1F70F370EA942D645A11DDF963B2F1651	complete-original-current-diff-reviewed;header-only-migration;5170-bounded-memory-and-Model40-Default-plan-contracts-retained;dual-width-pass
test/app-nxvm/unit/core/machine/vm_ibm_5170_model_339_cga_topology_smoke.c	DB8FD971A79E2C9CB62912A511D51EE7713AF70287578B352EA20A0B13E00777	full-source-and-diff-reviewed;original-video-route-and-aperture-assertions-reconciled
test/app-nxvm/unit/core/machine/vm_ibm_5170_model_339_composition_smoke.c	09B254EBD0D7BC4C070D62A67FFD8722759EEC973191EA030DABD6916956CE79	complete-source-diff-reviewed;all-profile-refresh-rom-floppy-timing-assertions-retained;dual-width-pass
test/app-nxvm/unit/core/machine/vm_kbc_aux_guest_smoke.c	9E2A1E4F06C1B9F047F5CF1F7997A4D171518E255182616329E7644BBC6F18B5	Reviewed complete original/current/diff; preserve byte-identical guest entry/PIC/IRQ12 handler and FA/29/05/FD packet; failed count read stops immediately instead of spending remaining budget; null Core guard before entry; actual source rejects 155 failed results and null/null-Core owners with no later monitored calls/live owners; dual-width normal pass; final full verification remains required
test/app-nxvm/unit/core/machine/vm_machine_initialization_atomicity_smoke.c	F627BF4EB8CE321B211AAD031236C31B653D4502935CFCF0A1039F7F0AFEB8C3	Reviewed complete original/current/diff and composition receiver; retain all unique constructor/materialization/timing/media/recovery/option-ROM assertions; remove duplicate missing-firmware check and false reset marker; single immutable captures/null guards/cleanup; 13 actual-source failed results and four null constructors reject with no later calls or live owners; dual-width normal pass; final full verification remains required
test/app-nxvm/unit/core/machine/vm_model_339_clock_contract_smoke.c	2DF7CBC8DF7180283586AD319D4E5A25E111AEF4A7398370001F476C6CCAAFA5	complete-original-current-diff-reviewed;clock-ratios-dispositions-and-original-keyboard-cadence-retained;real-KBC-serial-checkpoints-added;16-failed-producer-positions-reject-and-cleanup;dual-width-pass
test/app-nxvm/unit/core/machine/vm_model40_byob_s20_smoke.c	A34953BEA5DB94C9C82229CBA1A3AFB180BD575A1AE8F115638C96C2E3527D26	qualified-original/current/diff; copied ROM video alias CPU memory time reset refresh immutable configuration and rejected construction retained; capture immutable plan/ROM once; checked refresh bus/constructor cleanup; dual-width pass; 20 failed/null/opposite producers and unexpected rejected-construction owner clean up without later monitored calls/leaks
test/app-nxvm/unit/core/machine/vm_model40_cecg_s10_smoke.c	1234BBE6BAC4707A7B9C944672F3FE4A277B4D308874C54DD272910146DEF1D3	full-source-and-diff-reviewed;original-video-port-snapshot-reset-assertions-reconciled
test/app-nxvm/unit/core/machine/vm_model40_cecg_s11_smoke.c	3C0F7A2338D6F064832BA5DFC55ACF4411F20BF127C6AF90524BD668C28A5EBC	full-source-and-diff-reviewed;all-original-memory-route-transitions-reconciled
test/app-nxvm/unit/core/machine/vm_model40_cecg_s12_smoke.c	7F4C25F4828B5E20C4E2DDE61C5560875076BA62B7FD48B4A0A8CAE1E5225FBA	full-source-and-diff-reviewed;original-video-port-snapshot-reset-assertions-reconciled
test/app-nxvm/unit/core/machine/vm_model40_cecg_s13_smoke.c	B76E220C7BFBBD99D15D1F941755D5444ADB89B34F4436D1A0DEAAED9D87D400	full-source-and-diff-reviewed;original-video-port-snapshot-reset-assertions-reconciled
test/app-nxvm/unit/core/machine/vm_model40_cecg_s28_smoke.c	E800F3164DE6F6DAF84C380E4FB9FE93526A87C07D2DAACE82C93C0D2F981012	full-source-and-diff-reviewed;original-video-port-snapshot-reset-assertions-reconciled
test/app-nxvm/unit/core/machine/vm_model40_cecg_s9_smoke.c	CD8A6318CC4E1CD3B3949E729A8C80A9E097D41F98DE0556E4DED47D0E0D173E	full-source-and-diff-reviewed;original-control-lightpen-reset-assertions-reconciled
test/app-nxvm/unit/core/machine/vm_model40_cmos_seed_smoke.c	649E1EB8DB013CF3E4C5E1706C99729B559E06DD6834F2852597FE035D194864	complete-original-current-diff-reviewed;CMOS-default-custom-checksum-isolation-reset-assertions-retained;seven-failed-or-null-producers-reject-and-cleanup;dual-width-pass
test/app-nxvm/unit/core/machine/vm_model40_d4_compatibility_s25_smoke.c	83AE484FB2E71F25812D3DAF46F6EA5097F40E899036527E15F7BC6FE31C8A67	complete-source-baseline-diff-reviewed;owner-local-A20-or-PIT-observation-substitution;all-ROM-reset-and-state-assertions-retained;dual-width-pass
test/app-nxvm/unit/core/machine/vm_model40_d4_map_s16_smoke.c	9984B7616581ADA5907ABA36D20E3F1B05799B317566DE0E859CA42F42CE232A	qualified-original/current/diff; all ROM/RAM/open-bus seams A20 D4 page latch and reset assertions retained; CHECK failure stops at existing cleanup; dual-width pass; 73 failed producers and null owner reject without later monitored calls/live owners
test/app-nxvm/unit/core/machine/vm_model40_d4_parity_s22_smoke.c	153DC94F8CC534E86962FA710E5805E48441181A486A62F4D4E576A700CCD2DF	qualified-original/current/diff; real parity injection masked/unmasked IOCHK NMI clear and reset assertions retained through Core-owned fixture; CHECK failure stops at existing cleanup; dual-width pass; 20 failed producers and null owner reject without later monitored calls/live owners
test/app-nxvm/unit/core/machine/vm_model40_d4_skey_s23_smoke.c	6C2FE06FC0E48740FF3813A8203A1784D96C9AA23DF1C733F7C7AC497BC5F37F	complete-source-baseline-diff-reviewed;owner-local-A20-or-PIT-observation-substitution;all-ROM-reset-and-state-assertions-retained;dual-width-pass
test/app-nxvm/unit/core/machine/vm_model40_dma_s17_smoke.c	36EDDCB60D2F708E7B807627DDEA41C54B06F34A98207E2A4401E13FAE30E7D3	reviewed: copied topology and Core timing observations preserve DMA D4 binding reset assertions
test/app-nxvm/unit/core/machine/vm_model40_fdc_s24_smoke.c	87EA408F1F86A010839335BF9C47ACFAB39391609A3FFE0FEA0A10B85D5E828B	qualified-original/current/diff; format-rate-pitch/CMOS/KBC/topology/reset queue/PIO DMA completion/terminal/no-media/wrong-rate assertions retained; checked bus tick reset errors reach cleanup; x64/x86 pass; 3501 monitored failed/opposite-result positions and null owner reject with no later monitored operations/zero live owners
test/app-nxvm/unit/core/machine/vm_model40_fdd_s18_smoke.c	E01021F3165151EF8C45CF61789B04AB0CDE8FFEF33F64BE9C502BBD5AA5D4C4	qualified-original/current/diff; 1.2MB and 360KB geometry/truncated media/registry/reset/Default5170 comparison retained; immutable FDC capture once; failed reset and null constructor reject through four-owner cleanup; x64/x86 pass; 11 failed/opposite-result positions and four null owners reject without leaks/later monitored calls
test/app-nxvm/unit/core/machine/vm_model40_hdc_s26_smoke.c	5D522A68961C82F1BABC7DAAFB45858D1DA0320D528D7AB1E4D64E6113333BFB	qualified-original/current/diff; 925/5/17 memory media/both drive heads/whole sector/DRQ IRQ/IDENTIFY rejection/SRST diagnostic retained; checked bus rejects through cleanup; x64/x86 normal pass; 553 failed call/IRQ positions plus null owner/allocation failure reject without later calls or leaks
test/app-nxvm/unit/core/machine/vm_model40_integration_s8_smoke.c	407F12D40B54BF18B65B7AEA7C4937CD14B21E6572F6BFB97FEB18F98FDD6839	Reviewed complete original/current/diff and fixture declarations/ROM construction; retain CPU/RAM/D4/ROM/AUX/keyboard/two-drive CMOS/reset routing/four SENSE queues/HDC IRQ/status assertions; checked bus/reset and one cleanup, composition captured once per phase, diagnostics cached; actual source rejects 66 failed/opposite results plus null/null-Core/unexpected rejected owner without later calls/live owners; dual-width normal pass; final full verification remains required
test/app-nxvm/unit/core/machine/vm_model40_private_composition_s7_smoke.c	B892874D62F8E45BE9AE34F39BFFD3C193BD4BD8CFE88F0548AD16F259AD9538	qualified-original/current/diff; ROM/transaction clocks/CMOS/D4/speaker/prefetch/disabled AUX assertions retained; capture immutable contracts once; checked short-circuit bus/input path; x64/x86 pass; 35 failed producers/fixture results plus null constructor reject with no later calls/zero owners
test/app-nxvm/unit/core/machine/vm_no_media_video_port_smoke.c	DELETED	complete-original-current-diff-reviewed;dormant-BIOS-checkpoint-restored-under-INI-integration
test/app-nxvm/integration/dos/vm_no_media_video_port_smoke.c	5787409A81303BD9D0C0FB47F1C7B4A7FADDDF8CD3F6426751A1EE86D12848C3	complete-original-current-diff-reviewed;real-BIOS-no-media-INT10-text-cursor-assertions-retained;9-failed-producer-classes-reject-and-cleanup;dual-width-pass
test/app-nxvm/unit/core/machine/vm_pcat_composition_s4_smoke.c	437884DA34EE8D2EBE4A9F6F099E00B6B37B20A43107BA96591A19FE857F24AA	full-source-and-diff-reviewed;original-assertions-reconciled;dual-width-full-unit-verification-pass
test/app-nxvm/unit/core/machine/vm_pcat_ownership_smoke.c	76EFD0F50271B00587CCA1ABC5CF461BA3B577840F1ED53CE1CEEAC0E7B90C84	qualified-original/current/diff; NMI mask plus real FDC route isolation before/after peer destruction; x64/x86 pass; 23 failed producer positions and two null constructors reject with no later calls/zero live owners
test/app-nxvm/unit/core/machine/vm_pcat_topology_s2_smoke.c	ADFA9382F939D6A85B5A7A6826CE0C48BA26E7D628ECFB1D7544ED87750960D6	full-source-and-diff-reviewed;original-assertions-reconciled;dual-width-full-unit-verification-pass
test/app-nxvm/unit/core/machine/vm_runner_error_propagation_smoke.c	8013EF0C21CD4CB55945DD9BC5665F69CC725B4874F68D1FADD491F44F2087F9	complete-original-current-diff-reviewed;paused-exclusive-fixture-mutation-replaces-running-thread-race;both-ERROR-paths-and-teardown-retained;dual-width-pass
test/app-nxvm/unit/core/machine/vm_timing_qualification_smoke.c	EE19C606EF41787E4257C5E110B17D9DBC220E8E2213053841A65CC2B9BA11BB	qualified-original/current/diff; four profile DMA clock/wiring/token/deadline checks retained; failed construction/port/observation stops and cleans up; x64/x86 pass; per profile seven failed producers/three null outputs prove no later calls/zero owners
test/app-nxvm/unit/core/machine/vm_two_session_isolation_smoke.c	BCED145E410FD34788EF0478D491B543907CA836F45EE49AEA383700ED383F5F	qualified-original/current/diff; Core/board owner fixtures retain CPU/memory/port/RTC/FDC/HDC independence; RAM/EAX/watchpoint and DMA token checks retained; x64/x86 pass; 15 failed producers/two null constructors reject with cleanup
test/app-nxvm/unit/core/machine/vm_x86_debug_mapping_smoke.c	7849C5ADF8BF7417268E8F0DAD3691373F53882DD53B5E93C9402CBA5A0310AC	complete-source-baseline-diff-reviewed;only-unused-core-private-include-removed;paused-lease-and-protocol-regression-body-retained
test/app-nxvm/unit/core/machine/vm_xt_5160_268_profile_smoke.c	A2A65B97C61E14E34D030B80EF0C5583DBDFF721DC5042D9A332B00F81FE6B31	reviewed: original fixed descriptor and all XT port/media/ROM/frame assertions retained; checked constructors/public producers, one immutable composition capture and one cleanup; dual-width normal pass, 22 failed status positions and seven null/rejected-owner modes; final S94 verification required
test/app-nxvm/unit/core/profiles/default_pc_at_profile_smoke.c	46F836614D261FE709AC9A1268EB1327309044F22312171C270C8DBCB041A150	qualified-original/current/diff; interface-only migration; complete ROM clock controller CMOS CPU FPU contract leaf route materialization assertions unchanged; x64/x86 pass; 13 failed/opposite read-only producers reject
test/app-nxvm/unit/core/profiles/ibm_5170_model_339/rom/ibm_5170_model_339_firmware_fdc_topology_smoke.c	6A0B1851C3701F92530EE6A1DE8AF667366B38645856D060E2875FC1C4AB4186	qualified-original/current/diff; firmware slot drive CMOS FDC route IRQ DMA and real port endpoints retained; capture composition once after success; x64/x86 pass; seven failed/opposite producers and null owner reject with no later monitored call/zero live owners
test/app-nxvm/unit/core/profiles/model40/d4_memory_transaction_smoke.c	A8CAC8890996B60A5A5E348EEDB509A1B933E69A37799E1DB88B086925263FAE	reviewed: complete source/baseline coverage; configured/diagnostic/reset assertions retained; IOCHK boundary and failed callback publication assertions added
test/app-nxvm/unit/core/profiles/model40/d4_prefetch_locality_smoke.c	1DBC0479AC4A4145E1AA8C00834063C187501FC6443A0D902C390773B33E8FDF	complete-source-reviewed;real-20-tick-pit-refresh-transaction-and-model40-prefetch-hold-receiver;focused-dual-width-pass
test/app-nxvm/unit/core/profiles/model40/d4_refresh_fixture.c	DABD5F5492CEBC6487C7D9F392714DB0B74AE79EAC32C13F370CFCC6E108ABDA	complete-source-reviewed;test-only-owner-local-contract;no-production-route-or-second-state;receiving-contexts-retained
test/app-nxvm/unit/core/profiles/model40/d4_refresh_fixture.h	923C74615C8EBD348FEBFDB99297EA32263CD253F2401C68F7CBD400DDE3E63C	complete-source-reviewed;test-only-owner-local-contract;no-production-route-or-second-state;receiving-contexts-retained
test/app-nxvm/unit/firmware/floppy_smoke.c	4D58209DBF6777A5E5877D4CAC385EC1FD7A6D1F019BFD40AF0BE828CF8F80C3	reviewed: original eleven synthetic BIOS/media cases, guest bytes and timing/checkpoints retained; six successful-null constructors rejected before consumers; dual-width normal pass plus 17 preparation-status failures, six null modes and two allocation failures with zero later calls/live owners; final S94 verification required
test/x86/chips/cpu/cpu_control_state_smoke.c	D65A07A619361416E0A482220486F0650F24818AC362312ECB7FD73E55684B58	source-baseline-diff-reviewed;descriptor-cache-and-cli-sti-hlt-private-coverage-paired;cpl0-hlt-restored;focused-dual-width-pass
test/x86/chips/cpu/cpu_execution_context_smoke.c	C18476338F6689D9E3EB85B7A594F6099F7C53DB23F3CF43091667440AE4B5E0	full-source-reviewed;accepted-blob-unchanged;five-profile-debug-snapshot-assertions-retained
test/x86/chips/cpu/cpu_execution_signal_prefetch_smoke.c	8CB87F6CDC0162104A1C039E1AC3C86C29DD2D73B1806D00A10BA4220CB17CE4	full-source-baseline-diff-reviewed;two-original-8088-queue-cases-paired;owner-local-fixture
test/x86/chips/cpu/cpu_fpu_interface_state_smoke.c	EDD105FA121F41B1573025327CA34FB25A08AA7540FF774ECC5217FD1E97D0DA	full-source-reviewed;accepted-blob-unchanged;fpu-prefix-lock-vm86-state-assertions-retained
test/x86/chips/cpu/cpu_idt_privilege_entry_smoke.c	DF2E65AA29CA7DAF62193BD8D518C1FC3AD3033694786686CE050150C35C7969	source-baseline-diff-reviewed;original-cpl3-nmi-context-restored;complete-board-entry-pairing-reviewed;focused-both-widths-pass
test/x86/chips/cpu/cpu_iret_s51_state_smoke.c	0290D0176B9F29E1D1655746C2DBBDEFFDB05700EE5CD8C35E870A7281688079	complete-source-baseline-diff-reviewed;IRET-Core-and-CPU-contexts-paired;guest-bootstrap-stack-frame-cache-and-full-state-rollback-assertions-retained;dual-width-receivers-pass
test/x86/chips/cpu/cpu_protected_iret_state_smoke.c	2E152A35DD239099E6F064B7096201D8D2B69AFF9367CC202A038D6EB9159CDD	complete-source-baseline-diff-reviewed;IRET-Core-and-CPU-contexts-paired;guest-bootstrap-stack-frame-cache-and-full-state-rollback-assertions-retained;dual-width-receivers-pass
test/x86/chips/cpu/cpu_software_int_state_smoke.c	67E3A22F270B3E3DFD3274EDE9F21A40FCE611C6D4775D3C62904FE12503D8AA	reviewed-complete-source-original-contexts;48-private-rollback-and32-state-rows;dual-width-pass
test/x86/chips/cpu/cpu_task_switch_cross_width_state_smoke.c	EE7543D3F62962C4B9536E9C0C1DE1C5AA7979EF5BBFF8D3FAC70DBF5AEE4CD3	Reviewed complete original/current plus CPU fixture; eight original 16/32-bit JMP/CALL/task-gate/IRET cases, saved-state/busy/NT/TS assertions retained in independent CPU memory fixture; dual-width registered cases pass; Core receiver reviewed separately.
test/x86/chips/cpu/cpu_vm86_delivery_state_smoke.c	866E629B0DC3BE0B4B580008098ACD52D503419E8050A19FF25F266DBA6F1A7D	complete-source-baseline-diff-reviewed;VM86-board-and-CPU-contexts-paired;public-bootstrap-and-frame-cache-rollback-assertions-retained;dual-width-receivers-pass
test/x86/chips/cpu/cpu_vm86_iret_state_smoke.c	F958D328818DA53C72D5EEA2FE348C5CE676238C5871440DB67D8466D71DFA00	complete-source-baseline-diff-reviewed;IRET-Core-and-CPU-contexts-paired;guest-bootstrap-stack-frame-cache-and-full-state-rollback-assertions-retained;dual-width-receivers-pass
test/x86/chips/cpu/machine_idt_privilege_pic_board_smoke.c	450C6D4F79E9BE08538E0926D38416FCC9A0D8FB0ECE8335BCE8561643621D23	reviewed-complete-source-diff;checked-binding-and-nine-setup-probes;dual-width-pass
test/x86/chips/cpu/machine_outer_iret_pic_board_smoke.c	195478776D98093A390ED14CD3F0EC303B044A07D403E061E60A60DDD4B2EAEB	reviewed-complete-source-diff;checked-binding-null-pic-report-and-nine-setup-probes;dual-width-pass
test/x86/chips/cpu/machine_protected_data_pic_board_smoke.c	A34199D1C8D3A53C9B650BAAF2949168812CF905E516E3E6FD90B8E962F28C8A	complete-source-baseline-reviewed;body-identical-to-original;shared-CPU-PIC-board-receiver;dual-width-pass
test/x86/chips/cpu/machine_protected_far_pic_board_smoke.c	423EB0419E88E3BA6A666248A121405EAB5405B3C4E2350E0F13195831F3724B	complete-source-baseline-reviewed;body-identical-to-original;shared-CPU-PIC-board-receiver;dual-width-pass
test/x86/chips/cpu/machine_task_switch16_pic_board_smoke.c	B4C8BF2299B5127A1C19BD3003EFEC57A661354FD43DCF5B493FE2DE9B8D3EBB	reviewed-complete-source-diff;checked-binding-and-nine-setup-probes;dual-width-pass
test/x86/chips/cpu/support/protected_pic_board_fixture.h	F013DD7DCCF21565AEB279EA16DE9612BC46EA17AA66987483A639A2B89BE8A7	complete-source-baseline-diff-reviewed;opaque-Core-port-owner;checked-existing-IRQ-binding-helper;all-CPU-PIC-wiring-retained;dual-width-and-failure-probe-pass
test/x86/CMakeLists.txt	E928FBBD6E7F5DDA8F461CC35ADFCFAE4EEAD1516467E33A2A04AC3D2DF7FA57	complete-original-current-registration-diff;paging-owner-now-core-observable;historical-chip-debug-gate-rows-retained;owner-local-fixtures-resolved;fresh-T344-registration-pass335-pre-paging-link-change;complete-independent-execution-remains-S95
test/x86/core/boot_fixture.c	3D8C56A95A5BEEA6E1CC534B7A78E6719B6A6853A78B72D58B57691DB8251C37	complete-source-reviewed;test-only-owner-local-values-and-operations;remaining-consumer-coverage-open
test/x86/core/boot_fixture.h	7E441924936713B429738CD0DFA1133DC123F22EE452A9B9EEBFF49C6DB06FB9	complete-source-reviewed;test-only-owner-local-values-and-operations;remaining-consumer-coverage-open
test/x86/core/bus_fixture.h	5B991E31ACF47FFEB650EC94DEBC9EFBEDEB6A8DA6237FEE92EE5904CFD3D515	whole-source-and-receiving-calls-reviewed;public-bus-and-explicit-operation-failure
test/x86/core/composition_fixture.c	A4EF0E6717FB82592EC8A839130BEBDF045D788A2EC87533F128E394A96DBDF9	complete-source-reviewed;test-only-owner-local-values-and-operations;HOLD-failed-producer-short-circuit-and-release-5-positions-pass;remaining-consumer-coverage-open
test/x86/core/composition_fixture.h	47D803585328416A249DC817009099792913BD08AAA9C3801FEEBA964F39DC08	complete-source-reviewed;test-only-owner-local-values-and-operations;remaining-consumer-coverage-open
test/x86/core/construction_fixture.h	258C37FDEF400B6E3E390D011ACE729B7962ED84F0537ECFDE7B21E4D7D92988	full-source-and-baseline-reviewed;original-core-fault-injection-owned-callback
test/x86/core/core_machine_80386_paging_smoke.c	6C8AC90398C6167D668A7B4B7AEB5F7E299466C926BFCDF18B8495AF789090C1	complete-original-current-read;27-byte-arrays-and-main-identical;neutral-core-construction;failed-producer-consumers-short-circuited;dual-width-and-931-failure-25-null-probes-pass
test/x86/core/core_machine_descriptor_system_smoke.c	15A8A6B23049C78484DFD5B8EC6905460766E83A91AD23A4B3A27247940DDF3D	full-source-baseline-diff-reviewed;core-c7-predicates-retained;private-cache-case-paired-cpu-control
test/x86/core/core_machine_ega_registration_transaction_smoke.c	665EB5F1E0A1BE388FE400D6FAE8AE449CFA48DAD5FB5E503FA63427503FE68F	original-and-receiver-reviewed;video-registration-rollback-preserved;dual-width-pass
test/x86/core/core_machine_executor_run_smoke.c	C223C185285E0AA74EE6E0A05AB0CF86B5C939D4A244353CFDC11580D91C3479	complete-source-baseline-diff-reviewed;original-executor-checks-retained;core-owned-cpu-identity-across-both-resets-restored;focused-dual-width-pass
test/x86/core/core_machine_fpu_8087_smoke.c	5614884410D4CF920A035019F96514A8A00C95F8C3EDFC146E15D151CB0D8E29	complete-source-baseline-and-split-receiver-diff-reviewed;all-fpu-contexts-reconciled;failure-output-probes-and-dual-width-pass
test/x86/core/core_machine_memory_inspection_smoke.c	870DECC28EC7C4158E2E87D07396D53DE214229A122FCA9A3F6763C0B6E197D3	complete-source-baseline-diff-reviewed;neutral-create-only-behavioral-construction-change;original-observe-only-parity-and-page-table-checks-retained;focused-dual-width-pass
test/x86/core/core_machine_pic_phase_s2_smoke.c	586324A69447CAFB9CC7BBBBC14D4823FF26684C18E46959AEADD96EE060B175	reviewed: complete 265-line source/diff; neutral Core plus public PIC attachment; DMA conflict and acknowledge-before-frame assertions retained; dual-width pass;irq-binding-checked;dual-width-40-receiver-regressions-pass
test/x86/core/core_machine_ram_create_smoke.c	85D54ED34D4EA1584DAAD5E017CFBEC67D8251F7B930FD3D42E17E96759F2229	complete-original-current-Core-memory-ROM-transaction-timeline-review;retained-coverage;dual-width-and-failure-probes-pass
test/x86/core/core_machine_real_mode_386_address_smoke.c	F756A4E84A9E0065E54EF4BE1A6168A89540F5159221622BE152893393637991	complete-source-baseline-diff-reviewed;named-constructor-and-bus-substitutions-only;all-memory-reset-time-assertions-retained;dual-width-six-receiver-pass
test/x86/core/core_machine_real_mode_386_rep_cmps_smoke.c	1C6CD709588ECE30DD08E61896F7D77951762AE927D0D8FE8A6AC0CD9DD96C45	reviewed-complete-source-diff;neutral-core-and-reset-fixture-equivalent;dual-width-pass
test/x86/core/core_machine_real_mode_corpus_smoke.c	012CA8C44D9BAC97F744ABB019F07070BDD697A0481D7F9DE91DCD8D91BAA903	complete-source-and-original-reviewed;failed-producers-short-circuited;publish-fault-only-on-success;four-8086-contexts-and-eleven-arrays-retained;dual-width-and-failure-probes-pass
test/x86/core/core_machine_real_mode_tick_smoke.c	68326EFA88BB3613AFC8F922EBB175E0FC538389F732AF7D90198679BADC7B73	complete-source-baseline-diff-reviewed;named-constructor-and-bus-substitutions-only;all-memory-reset-time-assertions-retained;dual-width-six-receiver-pass;three-failed-producer-diagnostics-pass
test/x86/core/core_machine_rom_route_transaction_smoke.c	D9693E23CA1F391DBB53E0A060ABD966991E088A7DFD849A7C1A439F22B155CC	complete-original-current-Core-memory-ROM-transaction-timeline-review;retained-coverage;dual-width-and-failure-probes-pass
test/x86/core/cpu_int_ivt_smoke.c	499C893227FC74BD6535675EF4D205845D162EF7259A5F18DE16F0F69D5023EE	complete-source-baseline-diff-reviewed;neutral-Core-IVT-receiver;construction-failure-no-longer-passes;both-original-CPU-contexts-and-assertions-retained;dual-width-and-failure-probe-pass
test/x86/core/debug_fixture.h	ABBEA6F47DBE735FDF42D753022541A79D0D0CB8829D29BFCF8F5EF525FA296F	whole-source-reviewed;original-delivery-helper-retained-and-public-register-operations
test/x86/core/exception_fixture.h	4C88EA9EB0C01F770F176CA1D46B136E77B28CEB73EAE6E623513AA695EB4783	complete-source-reviewed;test-only-owner-local-contract;no-production-route-or-second-state;receiving-contexts-retained
test/x86/core/kbc_controller_fixture.c	6A74A71ED40A0C77801609AE13E29A551E63722C01AB2605151AFFB92E6EE830	source-and-original-assertions-reviewed; dual-width-case-passed
test/x86/core/machine_80186_instruction_timing_ledger_smoke.c	471CF45BE9E58DAC86A6D9796B9767FF6CBFB118F917A53FEB5C15D4FD617090	complete-original-current-body-diff;61-static-tables-and-main-retained;checked-owner-local-register-operations;2156-failed-operations-and-150-null-constructors-reject-with-cleanup;dual-width-pass
test/x86/core/machine_80286_instruction_timing_ledger_smoke.c	45830216F97756017DB54ADBAB02C496223FD14C3E6D7D3AEF9B350BE81EDCE5	complete-original-receiver-diff;checked-register-snapshot-architectural-setup-cleanup;110-static-arrays-main-identical;dual-width-normal-pass;1125-failed-operations-25-null-constructors-after0-live0
test/x86/core/machine_80386_protected_io_timing_smoke.c	F9138B03B3C1EA245635F5433D202B1CEF2E8975A41E29671C77E2EBD8F8221E	reviewed;public-guest-privilege-bootstrap;34-contexts-retained;dual-width-pass
test/x86/core/machine_8086_instruction_timing_ledger_smoke.c	EB72C0A69A3A264649A20F8D531CF5B4756CC21A1105B8BFFFFF7F587280701A	complete-original-receiver-diff;checked-register-seeds-and-null-create-and-overflow-load-cleanup;83-arrays-21-group3-recipes-main-identical;dual-width-normal-pass;1510-failed-operations-95-null-constructors-after0-live0
test/x86/core/machine_attachment_phases_smoke.c	D17E2EA05CF01E47D5B87EF8CFD93C6B89BC396AE3C6F8D8F770BF2A7B24D111	complete-source-original-controller-block-reviewed;binding-copy-freeze-phase-order-nmi-finalization-retained;dual-width-pass
test/x86/core/machine_board_binding_identity_smoke.c	63E1908DD42F548627EC567B99B5909B016AB6DDA976C49832229A7AA31236B2	whole-source-and-fixture-reviewed;expected-declarations-versus-Core-stored-attachment
test/x86/core/machine_call_gate_smoke.c	1861AB17851DEB7F50072230B791DF8CBC5F63EA8B43F478FDE568B9A4B4123F	complete-source-baseline-diff-reviewed;video-routing-or-irq-call-gate-contexts-preserved;failure-output-boundaries-verified;dual-width-pass
test/x86/core/machine_checked_memory_smoke.c	08E89C9A88B1567798E3130B6268A7F1DDC11315D340EB32C8FAB94A802FA4AC	full-source-and-baseline-diff-reviewed;all-original-query-read-write-error-assertions-retained
test/x86/core/machine_competition_80386_s1_smoke.c	D243716D58C83D51695D388DEF5183CFB509E8BC910F1F63703D79D83A39325F	full-source-and-baseline-diff-reviewed;all-original-transaction-hold-timing-order-assertions-retained
test/x86/core/machine_configuration_smoke.c	77CAA18D9C73F4CF50D9A66B6355A52E9C331247175C4CD61C9E186A8E9F316E	complete-source-baseline-reviewed;neutral-Core-constructor-and-explicit-reset-alias;all-lifecycle-rejection-and-memory-write-checks-retained;dual-width-pass
test/x86/core/machine_cpu_profile_gate_smoke.c	71CEC67768EAE89A0A7B463AB60DD23D056016092A4C073E6C8A692A504A8B3A	full-source-baseline-diff-reviewed;ten-core-cases-retained;two-queue-cases-paired-cpu-owner
test/x86/core/machine_cpu_reset_identity_smoke.c	912B9907EC7C25A56EB9D1B6EA79791CD851803BA7D749B006C59F16E46AA5F9	complete-source-reviewed;Core-owned-CPU-pointer-identity-across-two-resets;complementary-public-board-PIC-proof;dual-width-pass
test/x86/core/machine_explicit_time_s4_smoke.c	BD9307CD7ADE0127865A80B08E9208B12F32D82F0F3496D799B6EE34123ED6EF	complete-source-baseline-diff-reviewed;named-constructor-and-bus-substitutions-only;all-memory-reset-time-assertions-retained;dual-width-six-receiver-pass
test/x86/core/machine_firmware_capability_smoke.c	4FBBE261909B29E0682C5F948F7557DD9442F28A99CF25C4407ADFBD36EFFC64	complete-original-current-firmware-and-legacy-timing-review;retained-coverage;dual-width-and-failure-probes-pass
test/x86/core/machine_fpu_interface_s65_smoke.c	9768BC21B9520C6369C6AD05029E939E8F2B54954DAA2AA7E1B191D5AC5BD85F	complete-source-baseline-and-split-receiver-diff-reviewed;all-fpu-contexts-reconciled;failure-output-probes-and-dual-width-pass
test/x86/core/machine_immutable_rom_mapping_smoke.c	E19BCBCFFE77AA5F1360778F5A9E92E8AE0E84EFC0B6639D64F5ED0A783A23B4	complete-source-baseline-diff-reviewed;named-constructor-and-bus-substitutions-only;all-memory-reset-time-assertions-retained;dual-width-six-receiver-pass
test/x86/core/machine_instance_smoke.c	DAB70A45CE7C71E0F021EE5A133D92A08609044D5C90E553CA3C900C0825AA00	full-source-and-baseline-diff-reviewed;all-original-instance-a20-port-reset-assertions-retained
test/x86/core/machine_instruction_timing_ledger_smoke.c	3307142C88C24E11195F56230C947BDBBFEF745639731955B101DE3CB36B478E	complete-source-baseline-diff-reviewed;eight-case-groups-and-57-guest-byte-arrays-retained;checked-registers-and-failure-cleanup;412-failed-operations-and-46-null-constructors-reject;dual-width-focused-pass;dual-width-full-unit-verification-pass
test/x86/core/machine_instruction_timing_smoke.c	55CA379A1743C23C32596AE9CCAEF1E593337E70B44BFC17A70FB895EA0DA66A	Complete original/current review; nine timing cases, quantum/reset/fault/stop/qualification checks retained; failed run/null construction guard consumers; x64/x86 normal and 74 failed-status/nine null constructor probes pass.
test/x86/core/machine_legacy_timing_normalization_s2_smoke.c	A165D2F0CEE720A0F181893CEAA50FE608B5BF1182AA50DD3981E7975870CCF2	complete-original-current-firmware-and-legacy-timing-review;retained-coverage;dual-width-and-failure-probes-pass
test/x86/core/machine_memory_device_registration_s16_smoke.c	161685E7073A74290218D705CF9D4AE470E2F1B702BDE2B7315C0092C9506C61	complete-source-baseline-diff-reviewed;named-constructor-and-bus-substitutions-only;all-memory-reset-time-assertions-retained;dual-width-six-receiver-pass
test/x86/core/machine_prefetch_locality_smoke.c	06D4997EAD7C0E302CFBA432C63F1D169F61BC12B33DEC1C1A8FF516053A57BD	complete-source-baseline-diff-reviewed;original-cycle-wait-rollback-and-prefetch-predicates-retained;model40-refresh-paired;focused-dual-width-pass
test/x86/core/machine_protected_iret_smoke.c	410FFD4CB66A9DE1ED5455C9A55FE885F7C0A3BB1C6C96562625D6E11DEBE334	complete-source-baseline-diff-reviewed;IRET-Core-and-CPU-contexts-paired;guest-bootstrap-stack-frame-cache-and-full-state-rollback-assertions-retained;dual-width-receivers-pass;failed-output-predicates-guarded;injected-run-failures-rejected
test/x86/core/machine_rational_clock_smoke.c	6C7F1FCB76CA43AC6E34E0F838E5372B669825841AC5452B8B7048F616034502	reviewed: full original/current source; neutral Core construction with same 80286/provider 3/2 phase1; original clock and 5/4/5/4 quantum predicates retained
test/x86/core/machine_reset_rom_alias_smoke.c	475015C987AC01329DEF97B9FE362024C4AB8B4DE74DB88932C0A779B2FABCC8	source-and-baseline-diff-reviewed;reset-byte-window-precedence-and-failure-assertions-retained
test/x86/core/machine_retirement_observation_s3_smoke.c	32859F386D4D15683E4F861AF7A1819A5E7A729E7142A200CA92F74A249850E6	reviewed-complete-source-diff;reset-alias-equivalence;dual-width-normal-and-unwritten-output-probes-pass
test/x86/core/machine_scheduler_smoke.c	087897794AED87F517496DFFA58492681EF0A3A9B9C9E22DFD6D885F4CDD389F	source-and-baseline-diff-reviewed;retained-quantum-provider-order-and-deadline-predicates
test/x86/core/machine_t359_s2_timing_smoke.c	9C1C2170D17D6AFDD58B989267D9E6C5DF60E18B4292B565C426A22488B647C3	Complete original/current/fixture review; preserve timing/guest inputs, checked public register low-word semantics and null/failed-producer cleanup; x64/x86 normal and 456 failed operations/15 null constructors pass.
test/x86/core/machine_t359_s3_timing_smoke.c	5A24B192B95355ADABCD7D5DD8EB5ECF130B713AF8C4C2625E1F10B2D7035F05	complete-source-baseline-diff-reviewed;96-original-timing-contexts-and-main-retained;checked-public-registers-cleanup;792-failed-operations-and-19-null-constructors-reject;dual-width-focused-pass;dual-width-full-unit-verification-pass
test/x86/core/machine_t359_s4_timing_smoke.c	97FBA700DFC5EB4806776C5FB9C533277816E9C15E9FD4204A11BE0E0D201FD7	complete-source-and-original-reviewed;24-arrays-and-profile-scenarios-retained;guest-mode-setup-time-separated;dual-width-pass
test/x86/core/machine_t359_s5_timing_smoke.c	918672520B70EA4B7735A07332499FE8B2E11D4E263AAA8ED9ABB41976111F7F	reviewed;20-rows-budget-and-UD-retained;21-byte-arrays-identical;dual-width-pass
test/x86/core/machine_t359_s6_timing_smoke.c	4A4030F8500293A61A352424E22F000427B968C02796B38E2017CFA50F2D46F4	reviewed;10-rows-LOCK-rejection-retained;12-byte-arrays-identical;dual-width-and-6-setup-failures-pass
test/x86/core/machine_task_switch_cross_width_smoke.c	16A2C96859944945C9FE1D4952B501824836B7F7A468432623C3D1D483FFC5C6	Complete source/deletion reconciliation; eight original Core transfer cases retained via public snapshot; failed/null setup/run/capture stops consumers and cleans Core; x64/x86 normal and 138 failed-status/eight null cases pass.
test/x86/core/machine_timeline_s2_smoke.c	4DB960320ED134DDB129101157D089A47B10286ADA3B311134DD64C0F7259364	complete-original-current-Core-memory-ROM-transaction-timeline-review;retained-coverage;dual-width-and-failure-probes-pass
test/x86/core/machine_transaction_lifecycle_s4_smoke.c	3A191E82986558B7C0227C4430E063EFFC1005436EE39EF42ABA77AD57FC3CBF	complete-original-current-Core-memory-ROM-transaction-timeline-review;retained-coverage;dual-width-and-failure-probes-pass
test/x86/core/machine_transaction_s2_smoke.c	865FE4C7F5F093767A6D79D15A1B5981A3A386362341A40BE75D83A4D561AD66	complete-original-current-Core-memory-ROM-transaction-timeline-review;retained-coverage;dual-width-and-failure-probes-pass
test/x86/core/machine_tss_iomap_port_authorization_smoke.c	B168D5D1E26972FC2106B1E9927B5262782532205E1CE847D4029A5BB509E2CA	reviewed;7-contexts-11-byte-arrays-retained;dual-width-and-155-failure-positions-pass
test/x86/core/machine_vm86_iret_smoke.c	0970A3249286D1378F6CCF90C97908EC170F04E240F575F42AC3B94D36D65815	complete-source-baseline-diff-reviewed;IRET-Core-and-CPU-contexts-paired;guest-bootstrap-stack-frame-cache-and-full-state-rollback-assertions-retained;dual-width-receivers-pass
test/x86/core/memory_alias_fixture.h	AE24A72CB7265EC8119230339EBBA557BD7ED57E25A62D37842FC75C16728991	source-and-original-helper-reviewed;15-byte-and-narrower-reset-aliases-retained
test/x86/core/memory_registration_fixture.c	0D31662E2895D04A936AB3A6DB664BC22A22521E919DFAAD05A439150973CD8F	reviewed: complete source/original transaction comparison; four capacity/parity failure cases and registry ownership/rollback/retry/remove assertions retained
test/x86/core/memory_registration_fixture.h	D7D451F353FD7B8B41683CBF27C8EE81C2EB3C02F41F4254FE4004A3FB2C73AA	reviewed: complete Core-owner fixture contract for registration cases; no product decode/state
test/x86/core/plan_core_fixture.c	FDA0AFE4B20A9B65AAC08505BE01B639B5EAFA6F67874BD47E719C8A4475ECF2	reviewed: complete source and original assertion blocks; attachment/allocation/XT routes/PIT1/DMA3 retained at Core owner
test/x86/core/plan_core_fixture.h	83EFE9E25219F283D6F9A9A891BFF24B298FB4A424859446821E4150A7FBAE7B	reviewed: complete owner-local plan assertion contract; Board handle opaque to fixture
test/x86/core/planar_parity_fixture.c	BC489FA6B4C0B595DAAF712E09548F439F50E9A9B3105F2394C0FDF871C4BC93	source-and-original-assertions-reviewed;parity-owner-migration
test/x86/core/planar_parity_fixture.h	CAEA40285A1CA21481D86A0681281529215ADAE97E68BD7102FF2041EC77482F	source-and-receiving-consumers-reviewed;Core-owned-parity-identity-only
test/x86/core/port_assembly_core_smoke.c	B9FC63351E050567FF84BE7930D3457CB5A7956B83ADF6FEC6C54E6ECB8F0974	full-source-reviewed;independent-original-common-matrix-receiver;d4-remains-app-owned
test/x86/core/port_assembly_fixture.c	D280BC80AEA633E6B08F572159ECA2511CB5332364E86150E723C745E6E4E6E5	full-source-and-original-function-review;all-original-port-timing-and-rollback-matrices-reconciled
test/x86/core/port_assembly_fixture.h	50A130D119031ACD41C99C91C71E7AABE0CEFB176C5195877C4CA37B393BFBE8	source-reviewed;declared-test-operations-reconciled
test/x86/core/port_mode_fixture.h	F81DB9EA3BEB67FCF2D3B7551B5069D2AFABF5747997EC38818A7E54CE49BA50	reviewed;guest-LGDT-LMSW-LTR-IRETD;copied-public-state-and-setup-time;dual-width-pass
test/x86/core/ram_port_context_smoke.c	0C6B598E50B72A0955624DECB09902D38E34D02DDE6F3E2162C81213F00D99FF	complete-source-baseline-diff-reviewed;named-constructor-and-bus-substitutions-only;all-memory-reset-time-assertions-retained;dual-width-six-receiver-pass
test/x86/core/time_fixture.c	FB18E67F6FB2B255A3CDEEEA10A78F64DAC89A7784F2F72D383D25AAFA76A0B5	complete-source-reviewed;core-owner-synthetic-advance-and-counter-schedule-only;consumer-coverage-reconciled-separately
test/x86/core/time_fixture.h	AFF253FE1DB62725774BC972EA3EE1082D0511701BC6F1205EF11A58800677B9	complete-source-reviewed;test-only-clock-contract-not-production-api;consumer-coverage-reconciled-separately
test/x86/core/video_topology_fixture.c	8AD5FCB8D0F2FD6A5002EE669D75DE7353C77894AA5E5F7F5649CFA74255C5F9	full-source-reviewed;original-owner-local-port-and-memory-predicates-reconciled
test/x86/core/video_topology_fixture.h	093C3873D30BD1243BEBB7A446C94443356601427AD9CB4D09FC5FA17B5FD6E3	source-reviewed;test-only-opaque-owner-contract
test/x86/core/xt_ppi_controller_fixture.c	A9596C4C68068CA64676AE0A467A56EA42D14C4B33994CFF354DD3A0BE674E32	construction-assertions-source-reviewed;dual-width-full-unit-verification-pass
test/x86/ibmpc-at/boot_fixture.c	AFF7FE59706F8483BA31D803E7130E27A228E1B7F703891F87C024314A79D914	complete-source-reviewed;test-only-owner-local-values-and-operations;remaining-consumer-coverage-open
test/x86/ibmpc-at/boot_fixture.h	7CCD5B51AA95F52FCE6747E8CC25AC3B164B1247191E6385461880CCBE83F4DC	complete-source-reviewed;test-only-owner-local-values-and-operations;remaining-consumer-coverage-open
test/x86/ibmpc-at/command_fixture.h	60DDCDC23EAD59144F0AFDC20721A0A82DCFCE1A72684F542D7B9C530DA418BB	complete-source-reviewed;test-only-owner-local-values-and-operations;remaining-consumer-coverage-open
test/x86/ibmpc-at/controller_fixture.h	8C67F602B43AB195E8A7ACB3EEB468D0A61428D463679A42E0E111FD05EBC587	complete-source-reviewed;test-only-owner-local-contract;no-production-route-or-second-state;receiving-contexts-retained
test/x86/ibmpc-at/core_machine_kbc_aux_port_smoke.c	23E5A52761B4E25E87C018FED2F0355193E2D3F7991040286EE59FE8D144BBCC	reviewed: full original/current sources; opaque Core and IRQ fixture; all AUX protocol assertions retained; setup cleanup fixed; dual-width pass
test/x86/ibmpc-at/core_machine_kbc_controller_smoke.c	B5CA40A014E75357BB143A423CFFFAAE7FA6EBFCF903A5BF458CC5B61C5F81CB	source-and-complete-baseline-diff-reviewed; dual-width-case-passed
test/x86/ibmpc-at/core_machine_kbc_serial_cadence_smoke.c	2B7BE7B10D0495F4D9691F2DD46B77E0E3B9489165CE6AD9424709D934F0E197	reviewed: full original/current cadence/reset/BAT assertions retain checked Core bus fixture; dual-width pass
test/x86/ibmpc-at/kbc_fixture.h	6ECAB541FD7DD984F2893185E18F6E21BB42E78C0D9FA04ADEE6FDA4C4EA0EB8	reviewed: actual neutral Core and KBC construction; freeze/reset before checked bus access; no copied port-owner state
test/x86/ibmpc-at/parity_smoke.c	185A36156C648F8F0C427A7F0D36DFEA357B33E4D77FD33DFEB060524A9A0D39	whole-source-and-assertions-reviewed;four-memory-refresh-variants-and-route-retry
test/x86/ibmpc-at/state_fixture.c	CD0229DCB0CCAE52A3E2DA49EBF824F9541A45C8488148D6AA770A759E734F48	complete-source-reviewed;test-only-owner-local-values-and-operations;keyboard-cadence-seven-failed-producers-short-circuit-pass;remaining-consumer-coverage-open
test/x86/ibmpc-at/state_fixture.h	3D624AEE4CE5902AEEF4F42A52F3E95A2FEF4E58A9FFB5A240D8AD9529B28FF7	complete-source-reviewed;test-only-owner-local-values-and-operations;remaining-consumer-coverage-open
test/x86/ibmpc-common/absent_memory_fixture.c	04C578E1380F1A2D5DAD0C250F782FD4B70838CDFAB4A55B6EE0CCAB1AD7271E	whole-source-and-consumer-reviewed;Board-owned-configured-bit
test/x86/ibmpc-common/absent_memory_fixture.h	2D24EE8647C7EB9ED981B2B9A6A39BD854C8A6F4ABBCDE0369430FC54DEB167B	whole-source-and-consumer-reviewed;one-owner-local-test-operation
test/x86/ibmpc-common/board_binding_fixture.c	C1941A3F0D7D461188CB95F16BDF311D044CA53E21A50E100D7016EE10726F6A	whole-source-and-consumer-reviewed;owner-local-expected-binding-and-null-NMI-check
test/x86/ibmpc-common/board_binding_fixture.h	2ADE8515517AC52A4E4D77856C878609E1A291C818B361401D7CB1645BD7AA01	whole-source-and-consumer-reviewed;copied-expected-callback-identity
test/x86/ibmpc-common/board_construction_fixture.c	44D5D4B2C6B16F8D6E42A92A82B2FD58F7E62C53B0F6AE7C97F131C01E027041	full-source-and-baseline-reviewed;original-board-publication-and-backpointer-check-retained
test/x86/ibmpc-common/board_construction_fixture.h	1BB8AAE6310EB149A5A6E363EDC53B4AE8E88894E89AF89550ADBB7AD806AB95	source-reviewed;test-only-core-constructor-callback
test/x86/ibmpc-common/board_smoke.c	4DA43C212C34F9AB1CB9749052E2D1CFDCC206A5C53BDE753535B60593315BC0	complete-source-reviewed;four-topology-personality-rows-public-construction-reset-scan-set-and-pit-routes;not-exact-counting-proof
test/x86/ibmpc-common/boot_fixture.c	E101EABF95AAE628C09EEB3756964DE0B52574199FF073A5D353C4FAD1CC2842	complete-source-reviewed;test-only-owner-local-values-and-operations;remaining-consumer-coverage-open
test/x86/ibmpc-common/boot_fixture.h	8DD836BC0263B413CD1B2EE5C7A10D3DF07E376DE0BEEDDB851F9CCCAE310256	complete-source-reviewed;test-only-owner-local-values-and-operations;remaining-consumer-coverage-open
test/x86/ibmpc-common/cmos_fixture.c	FCD6E680A33C6EE3C706DD50EF6D03C3FCFBEB5C053A1BA37829FF180F3C619F	reviewed: complete CMOS fixture retains original RTC advance PIC refresh and reset observations
test/x86/ibmpc-common/cmos_fixture.h	E7AD80C91DD63B22FC3C1CBEF1624F4369DE957CFDAFB021395A54CD1B111586	reviewed: opaque Board test-only CMOS observations; no production API
test/x86/ibmpc-common/composition_fixture.c	F598E2C4244FD264BC67D04C36F11BAAF67309B6BE5D74C567848654D3B2050C	complete-source-reviewed;test-only-owner-local-values-and-operations;remaining-consumer-coverage-open
test/x86/ibmpc-common/composition_fixture.h	27FE482735DD07CBFF7143C18F2CD5AB6E5D0B2263E1F95C3043B3F513F3A09C	complete-source-reviewed;test-only-owner-local-values-and-operations;remaining-consumer-coverage-open
test/x86/ibmpc-common/controller_fixture.c	E7F6CB91D57B675C9CA106A09CCF31EA77895BC4A7F1F44AE9371B067C47CC14	complete-source-reviewed;test-only-owner-local-values-and-operations;remaining-consumer-coverage-open
test/x86/ibmpc-common/controller_fixture.h	D918F26F44846779794FDDA136C2F55A1F9FF0C70726701AE5AB07C380EDD9F7	complete-source-reviewed;test-only-owner-local-values-and-operations;remaining-consumer-coverage-open
test/x86/ibmpc-common/core_machine_auxiliary_pit_s3_smoke.c	D86EB2453CAA61EB5206A9C40B007E7756C1160C3A5338F9BEC301689A8D2905	complete-source-baseline-diff-reviewed;exact-clock-latch-reset-and-public-bus-routes-retained;dual-width-pass
test/x86/ibmpc-common/core_machine_bit_scan_smoke.c	A9F003DFA02E0A812E0F68FB54BE9BB3DC6B187C347A5A3466AE2441990C84E0	complete-source-baseline-diff-reviewed;instruction-bytes-and-nonpublication-assertions-exact-after-include-and-FLAGS-substitutions;dual-width-receivers-pass
test/x86/ibmpc-common/core_machine_bit_test_smoke.c	3FA0F54890160686739EB184A1D398E30E946D17F50C6B434FF7CE45AE274362	complete-source-baseline-diff-reviewed;instruction-bytes-and-nonpublication-assertions-exact-after-include-and-FLAGS-substitutions;dual-width-receivers-pass
test/x86/ibmpc-common/core_machine_board_fixture.h	C27F1771988F90F5127C2D20B63934CCA28E0A89EC4E9A3BEB52ADC01F52A3F8	source-and-original-helper-diff-reviewed;public-Core-operations-and-owner-local-receivers
test/x86/ibmpc-common/core_machine_cga_640_port_smoke.c	50203D2CA9E8F6E140055263B14F6234FD5F62DCECA6D0529E3453BFAC81394D	reviewed: complete current source and all baseline diff hunks; original video assertions retained; public Core bus/memory and real Board target paired
test/x86/ibmpc-common/core_machine_cga_graphics_port_smoke.c	6466DF2FA6ADF25C5AB44EC829B4E75FC58398F0A0E5CF70C5865D352284DB1E	reviewed: complete current source and all baseline diff hunks; original video assertions retained; public Core bus/memory and real Board target paired
test/x86/ibmpc-common/core_machine_cli_sti_s48_smoke.c	3757D532C22E970F5135BE01FA11EA9A4F7E9711B247D79CB01FE0D1AD8F92B9	source-baseline-diff-reviewed;all-matrices-and-real-irq-stack-checks-retained;cpu-private-storage-paired;irq-binding-checked;dual-width-40-receiver-regressions-pass
test/x86/ibmpc-common/core_machine_compaq_cecg_s11_smoke.c	FFF18D2507770F8F14F74B08B8BE04CD8C7CF9DCBF39FF853AA37F6B2F561129	complete-source-baseline-diff-reviewed;video-routing-or-irq-call-gate-contexts-preserved;failure-output-boundaries-verified;dual-width-pass
test/x86/ibmpc-common/core_machine_compaq_cecg_s28_smoke.c	82DD5609A3EFC99E6932EDCE2545A54A331DA327CFF344A4D731EABCFFC6D641	complete-source-baseline-diff-reviewed;video-routing-or-irq-call-gate-contexts-preserved;failure-output-boundaries-verified;dual-width-pass
test/x86/ibmpc-common/core_machine_compaq_cecg_s9_smoke.c	DC47F0E48D96F5A6F31ED77B02C2E3F008F2485CF711D907B1ECDD59B924F603	complete-source-baseline-diff-reviewed;video-routing-or-irq-call-gate-contexts-preserved;failure-output-boundaries-verified;dual-width-pass
test/x86/ibmpc-common/core_machine_compaq_hdc_machine_s5_smoke.c	DE061742D1ACB0DE791EC1C6A7C38AEC808A5E2D72DD83A582900E60F3D4D360	reviewed: full source/diff; media DMA2 and wired-OR assertions retained; dual-width pass
test/x86/ibmpc-common/core_machine_compaq_hdc_s5_smoke.c	3217BCADA8F1A66F0492208B4EADB9B0522193F3718F782303CF9D9583B12050	reviewed: full source/diff; independent Core/PIC instances and opaque HDC; original IRQ/data/reset assertions retained; dual-width pass
test/x86/ibmpc-common/core_machine_controller_authority_smoke.c	E8B47EA0A0C91CDB75B5A35E13059403F3416A6096852D439184DB3FD493818B	complete-source-baseline-diff-reviewed;controller-assertions-retained;attachment-block-split-to-core;dual-width-pass
test/x86/ibmpc-common/core_machine_cpu_timing_preview_smoke.c	FDA718F804681ACD4565CFDA77EE8ED48340888FCBB086BEB5EBFFD04D4752DE	complete-receiver-read-and-original-diff;all-byte-profile-arrays-and-main-identical;board-reset-alias-retained;publication-counters-core-owned;dual-width-and-57-failure-6-null-probes-pass
test/x86/ibmpc-common/core_machine_direct_flags_board_smoke.c	9974F9E7548DF638339DB680BC0767A477AE5549B6259A8654ED94D7B149C817	complete-source-baseline-diff-reviewed;entire-body-equal-after-equal-valued-flags-and-includes;all-original-cases-retained;dual-width-pass
test/x86/ibmpc-common/core_machine_display_authority_smoke.c	D073EA0D0E34766A6FD3109D602392EF36B6C7E3627B2BE76B0B0784687131F3	full-source-baseline-diff-reviewed;original-port-reset-assertions-retained;focused-x64-x86-pass
test/x86/ibmpc-common/core_machine_dma_binding_token_smoke.c	6C67853C36087FE73DA266586CB4FBDAB241661766D8F6FCBAD32804B5EEB872	reviewed: complete baseline/current source; includes only; cross-instance request rejection and same-instance FDC configure/freeze/reset assertions retained; dual-width pass
test/x86/ibmpc-common/core_machine_dma_channel_smoke.c	D93CA34EDCFCA115F71C0E23D6CFBC65BFF7305547912B7CBA5F7FE512FB2125	reviewed: full baseline and diff; all 126 phase rows and transfer cases retained; 112 unchecked writes repaired; dual-width pass and helper failure probe
test/x86/ibmpc-common/core_machine_dma_rtc_authority_smoke.c	873CBD834B58D3D382499C9AC09D5F9011417BCEF5F557AE9E3E2A71E2EADAC0	reviewed: complete baseline/current diff; PIT refresh tick3 then tick1 via real CPU retirement; all invalid binding/NMI/RTC/reset assertions retained; checked public setup accesses; dual-width pass
test/x86/ibmpc-common/core_machine_double_shift_smoke.c	FE6D3E58F8E85A04B11E0F3DF45D63D35978C05210439DAE83765EEA354A43D8	complete-source-baseline-diff-reviewed;instruction-bytes-and-nonpublication-assertions-exact-after-include-and-FLAGS-substitutions;dual-width-receivers-pass
test/x86/ibmpc-common/core_machine_ega_controller_port_smoke.c	2F3A43A7A8DCA41B0754546A4074D299A416AB2D8EDFD2C6F480E40FA581DAFD	full-source-baseline-diff-reviewed;original-port-reset-assertions-retained;focused-x64-x86-pass
test/x86/ibmpc-common/core_machine_ega_external_port_smoke.c	290FDCFEF452883EB7785423EA2DEC291EFAB356E4D413A1C5ED15ADFB4353C1	full-source-baseline-diff-reviewed;original-port-reset-assertions-retained;focused-x64-x86-pass
test/x86/ibmpc-common/core_machine_ega_planar_port_smoke.c	6D5E6EECC5DDD06C856129B22EF394D7CC7A2C96697C7E2A3C7D8210B82CE134	reviewed: complete current source and all baseline diff hunks; original video assertions retained; public Core bus/memory and real Board target paired
test/x86/ibmpc-common/core_machine_ega_sequencer_port_smoke.c	72443BAFADE9428E3099297E370E6E6FF53CF5A9A6F5250F2B2947E7A43488F3	full-source-baseline-diff-reviewed;original-port-reset-assertions-retained;focused-x64-x86-pass
test/x86/ibmpc-common/core_machine_enter_leave_smoke.c	061251458F67B5F249BD03CF30764D9A9E04F8B5D765FB86622D5E35AAC28CC5	complete-source-baseline-diff-reviewed;all-protected-and-irq-stack-assertions-retained;guard-failed-run-and-capture-outputs;normal-dual-width-and-actual-case-failure-probes-pass
test/x86/ibmpc-common/core_machine_fdc_media_change_port_smoke.c	B5DD8C86D2D615401D7FE8CF52766FE1B3F8EBB1A3C203F72E37577F22279507	reviewed: full source/diff; seventeen DIR READY step reset DMA IRQ checkpoints retained; dual-width pass
test/x86/ibmpc-common/core_machine_fdc_smoke.c	D979B58CA98828670A0BA95E39CC827AF97E3D82D716253A5911628247ECA1F5	reviewed: full 1169-line source and complete baseline diff; command readiness TC identity and cadence assertions retained; dual-width pass
test/x86/ibmpc-common/core_machine_fdc_topology_port_smoke.c	2A388B093FE3A0953BF3A2AC860431E076BB6153C443A8FDF70E7422306C933C	reviewed: full source/diff; registry reset dual-drive and absent-drive assertions retained; dual-width pass
test/x86/ibmpc-common/core_machine_gpr_mov_smoke.c	B80204EEC80FD766A86347E673AD1D94F96F56ECE038CF280AA9755B3149845D	complete-source-baseline-diff-reviewed;two-failed-output-predicates-guarded;all-program-register-memory-IRQ-assertions-retained;dual-width-and-four-failure-checks-pass
test/x86/ibmpc-common/core_machine_gpr_push_pop_smoke.c	C05BA05F216DD0010FD5C8787E06402D987482EC2D0AEB89D8D4A6CBC4C22111	complete-source-baseline-diff-reviewed;all-protected-and-irq-stack-assertions-retained;guard-failed-run-and-capture-outputs;normal-dual-width-and-actual-case-failure-probes-pass
test/x86/ibmpc-common/core_machine_hdc_smoke.c	5002126A122CBA663B31819A8E0DE635986400D0F7BCDB16496425AE921C8673	reviewed: full source/diff; WD1003 and ATA timing IRQ media failure assertions unchanged; dual-width pass
test/x86/ibmpc-common/core_machine_hlt_s49_smoke.c	4E04166AD420882044E397765D1C1EAF02D981CCB77DC4DDCF61E8B1402D8B70	source-baseline-diff-reviewed;halt-irq-vm86-and-rollback-checks-retained;private-cpl0-cpl3-cpu-checks-paired;irq-binding-checked;dual-width-40-receiver-regressions-pass
test/x86/ibmpc-common/core_machine_imul_immediate_s56_smoke.c	EEF9830D47D6DAC01E2B710413AD774F1477A6049AEFA9D13F2DEBE99F721215	complete-source-and-original-reviewed;guard-source-write-after-failure;protected-limit-and-two-irq-forms-retained;dual-width-and-nine-failed-writes-pass
test/x86/ibmpc-common/core_machine_imul2_smoke.c	AE71124F691AD3DF62CD8F92BA33A262C2B8919A58416E96210CD7DA06CF82F1	complete-source-baseline-diff-reviewed;instruction-bytes-and-nonpublication-assertions-exact-after-include-and-FLAGS-substitutions;dual-width-receivers-pass
test/x86/ibmpc-common/core_machine_inc_dec_final_group_board_smoke.c	B7A3D0A6CEC14B15F9A68F60E452A9E3831031A96D20BF89CE3CFEEC71156722	complete-source-baseline-diff-reviewed;entire-body-equal-after-equal-valued-flags-and-includes;all-original-cases-retained;dual-width-pass
test/x86/ibmpc-common/core_machine_inc_dec_first_group_board_smoke.c	D3653A48DF28070FFBE74BAA193F4FAF82EDCE362A2EB1AA232E2148DC46D9E8	complete-source-baseline-diff-reviewed;entire-body-equal-after-equal-valued-flags-and-includes;all-original-cases-retained;dual-width-pass
test/x86/ibmpc-common/core_machine_inc_dec_second_group_board_smoke.c	FAB9E26DCE51E4BE1E49E74633737821BFFF2052A7A8DBF8ACBE12B947A5D91F	complete-source-baseline-diff-reviewed;entire-body-equal-after-equal-valued-flags-and-includes;all-original-cases-retained;dual-width-pass
test/x86/ibmpc-common/core_machine_interrupt_return_composition_s4_smoke.c	C77F6BA1D9C069227D35A53BD65E41FF76C8BBB1C19F11E103074F5D1D4A333E	complete-source-baseline-diff-reviewed;video-routing-or-irq-call-gate-contexts-preserved;failure-output-boundaries-verified;dual-width-pass
test/x86/ibmpc-common/core_machine_iret_s51_smoke.c	117F15E870B403832494224C1B1BEF3C01653EBA4E31B85CAABFCC241240E3FC	complete-source-baseline-diff-reviewed;IRET-Core-and-CPU-contexts-paired;guest-bootstrap-stack-frame-cache-and-full-state-rollback-assertions-retained;dual-width-receivers-pass;failed-output-predicates-guarded;injected-run-failures-rejected
test/x86/ibmpc-common/core_machine_lahf_sahf_board_smoke.c	5A536E85ECBE545D6A08A345BFA4BA86CF5890E06B8B76A8617E7F46E4B8C7B4	complete-source-baseline-diff-reviewed;entire-body-equal-after-equal-valued-flags-and-includes;all-original-cases-retained;dual-width-pass
test/x86/ibmpc-common/core_machine_lea_smoke.c	D3AD0D86AC244199F31F583E6A0BB5B47A1D5FBFCFF9D6297398E104160A353B	complete-source-baseline-diff-reviewed;failed-snapshot-frame-read-guarded;original-IRQ-frame-PIC-assertions-retained;dual-width-and-two-failure-checks-pass
test/x86/ibmpc-common/core_machine_legacy_sreg_stack_smoke.c	B7DC4FE8B4FC54E2EDEDA77EF38C8ED5CBA2A0479A9EF78BD0ADDCEDBC148771	complete-source-and-original-reviewed;failed-producers-short-circuited;16-contexts-and-eight-arrays-retained;dual-width-and-241-failure-positions-pass
test/x86/ibmpc-common/core_machine_les_lds_s41_smoke.c	151CB5B8B8C71CD92231C8E1847A9372E5852A3432AF6B7CE4D4CF8C8767ECE7	complete-original-current-segment-pointer-Board-review;retained-cases;dual-width-and-failure-probes-pass
test/x86/ibmpc-common/core_machine_les_lds_smoke.c	E505EF8F4FD2BA44F80C7A902965F605AA74C3DD81CB76EDF247F66B5E6A6672	complete-original-current-segment-pointer-Board-review;retained-cases;dual-width-and-failure-probes-pass
test/x86/ibmpc-common/core_machine_lss_lfs_lgs_smoke.c	640B6424C517A616D53F66C8C4F0F704E60AB8CA096C176BDD028F4C1B0CC5C9	complete-original-current-segment-pointer-Board-review;retained-cases;dual-width-and-failure-probes-pass
test/x86/ibmpc-common/core_machine_moffs_smoke.c	3BE04A02145EA5BB1CC5C3387D9A8BACAC7A42890BACA3BA44688D57725DFC2F	complete-source-baseline-diff-reviewed;two-failed-output-predicates-guarded;all-program-register-memory-IRQ-assertions-retained;dual-width-and-four-failure-checks-pass
test/x86/ibmpc-common/core_machine_pit_divider_smoke.c	8BFC809FFD3756CA9B6AF42C9369DD4FCD87F047C563B65446AA8A0AF3301756	source-and-original-diff-reviewed;all-transition-run-and-phase-reset-predicates-retained
test/x86/ibmpc-common/core_machine_plan_smoke.c	A3A0FE5C4A3C23B69605E80628F19C47C2828549B0FD24CCE4C9DB340C4ADC68	reviewed: complete original/current diff and source; all six moved Core-private assertion blocks retained in plan_core_fixture; remaining bodies unchanged
test/x86/ibmpc-common/core_machine_planar_parity_nmi_s3_smoke.c	8341243B78121B1B877DCDB5A428533036DC3BFDA982816178519D6FAE4C56ED	source-and-baseline-diff-reviewed;all-original-memory-PIT-NMI-reset-rollback-assertions-retained
test/x86/ibmpc-common/core_machine_prefix_attributes_s64_smoke.c	F8CF9BED06E7219A2F9D2EC66AC46FEF44D690257213BFDA51D0E52A40442C27	complete-source-baseline-diff-reviewed;normalized-bodies-equal;checked-binding-only;original-prefix-IRQ-context-retained;dual-width-pass
test/x86/ibmpc-common/core_machine_push_immediate_smoke.c	E9C0900652978898D6FB3DEE33BB8B080C215F617AC34073E0C0BC99A9D9C1F1	complete-source-baseline-diff-reviewed;all-protected-and-irq-stack-assertions-retained;guard-failed-run-and-capture-outputs;normal-dual-width-and-actual-case-failure-probes-pass
test/x86/ibmpc-common/core_machine_pusha_popa_smoke.c	253F3B4344395CB339DBBAE1662C00B51BD832DB01FD79C3409F643DCCCC990D	complete-source-baseline-diff-reviewed;all-protected-and-irq-stack-assertions-retained;guard-failed-run-and-capture-outputs;normal-dual-width-and-actual-case-failure-probes-pass
test/x86/ibmpc-common/core_machine_pushf_popf_board_smoke.c	7CC136A62FE140A4461681644349EDCE0D0A3396C730C2DB184F781929E16B5E	complete-source-baseline-diff-reviewed;entire-body-equal-after-equal-valued-flags-and-includes;all-original-cases-retained;dual-width-pass
test/x86/ibmpc-common/core_machine_rotate_smoke.c	1686368C9EFF6E3106D28C6FA06107ED41C93DE8E924B111032E301DE444B092	complete-source-baseline-diff-reviewed;instruction-bytes-and-nonpublication-assertions-exact-after-include-and-FLAGS-substitutions;dual-width-receivers-pass
test/x86/ibmpc-common/core_machine_rtc_cmos_s3_smoke.c	1928AD17E651F1FF5B074173035CABFCF7AE1F25CE34C71186CAF63D90BBB76D	reviewed: complete baseline/current diff; neutral Core replaces synthetic port table; RTC flags/IRQ8/masking/defaults/timing assertions retained; PIC setup and EOI failures checked; dual-width pass
test/x86/ibmpc-common/core_machine_rtc_smoke.c	7FDD7D274C69084FDC74389A3B7295F65B28473819592992FE86F8232FFD428E	reviewed: full baseline receiver and PIC setup repair; dual-width three-test batch passes
test/x86/ibmpc-common/core_machine_setcc_smoke.c	A26E262948D030F16EAA238A748CBF40B1AB81847E3D939483995D3F9AC45248	complete-source-baseline-diff-reviewed;instruction-bytes-and-nonpublication-assertions-exact-after-include-and-FLAGS-substitutions;dual-width-receivers-pass
test/x86/ibmpc-common/core_machine_sign_extend_smoke.c	F5F93E17BC9FE354D510C4A54328626B719744EEA0AA0A55E1B80B194A9D23B5	complete-source-baseline-diff-reviewed;normalized-bodies-equal;public-IF-constant-and-checked-binding;CBW-CWD-register-IRQ-contexts-retained;dual-width-pass
test/x86/ibmpc-common/core_machine_software_int_s50_smoke.c	2469D776D17F21F05300CC53530E16DC8580D7D3CDCCC39886F1B98C6D6EDCF7	reviewed-complete-source-original-contexts;42-frame-and-delivery-rows;guarded-outputs;17-failed-producer-probes;dual-width-pass
test/x86/ibmpc-common/core_machine_sreg_mov_smoke.c	BE9C6BB9129101A8051015DA7F3A7D6945AB1FB5C9BC9C2165BDF7CA18015446	complete-source-and-original-reviewed;guard-irq-after-patch;chain-run-snapshot-frame;nine-contexts-and-seven-arrays-retained;dual-width-and-136-failure-positions-pass
test/x86/ibmpc-common/core_machine_xchg_smoke.c	F053B0F8999155ED1DDE494F153C7482487771BCBBB73BF021CBF7635F3DA27B	complete-source-baseline-diff-reviewed;four-failed-output-predicates-and-null-board-diagnostic-guarded;all-original-atomicity-and-IRQ-contexts-retained;dual-width-and-nine-failure-checks-pass
test/x86/ibmpc-common/core_machine_xebec_wiring_smoke.c	4E768D398EE1B62095C10BC1FCF07EF4831355FE2F49C2ABA19BBE1FE5C73B61	complete-source-and-original-reviewed;public-route-conflict-probes;failed-phases-use-existing-cleanup;eight-command-arrays-retained;dual-width-and-six-failed-producers-pass
test/x86/ibmpc-common/core_machine_xt_ppi_keyboard_smoke.c	62727DF0F88FC3B74B837706F3A10EFB42B748536C3698790234A4FDD0A1C56B	original-assertions-reconciled;teardown-regression-dual-width-passed;dual-width-full-unit-verification-pass
test/x86/ibmpc-common/cpu_board_de_fixture.h	35002607F4507F4A099801DD27E7014165C9EC6F4DA7F18FED0928F7ED113423	complete-source-baseline-diff-reviewed;real-descriptor-frame-register-memory-and-irq-assertions-retained;consumer-coverage-separate
test/x86/ibmpc-common/cpu_board_fault_fixture.h	21C903E733860BECAF08C74686C5FDA05E80288B483E05DA0CDBC632AA071F71	complete-source-baseline-diff-reviewed;real-descriptor-frame-register-memory-and-irq-assertions-retained;consumer-coverage-separate
test/x86/ibmpc-common/cpu_board_flags_protected_fixture.h	FD8E67B4BF33ADF6579D3AFB6CB7155A096BE0A10563CD6D358AC3C865066F57	complete-source-baseline-diff-reviewed;real-descriptor-frame-register-memory-and-irq-assertions-retained;consumer-coverage-separate
test/x86/ibmpc-common/cpu_board_irq_fixture.h	D658935DECD0125F789761247F4D90728F6E7A6EA3B4D99674D3A7E1F0534281	complete-source-baseline-diff-reviewed;real-descriptor-frame-register-memory-and-irq-assertions-retained;consumer-coverage-separate
test/x86/ibmpc-common/cpu_board_limit_fixture.h	288C4C69721FB845E6E27635C14B8079FC0E71762B60E7A26565B6AF87B6D4E5	complete-source-baseline-diff-reviewed;real-descriptor-frame-register-memory-and-irq-assertions-retained;consumer-coverage-separate
test/x86/ibmpc-common/cpu_pic_lifecycle_fixture.h	E82E86F08E65C772A3ED2439DD4DA3D8622018CEEB5D15943E0D4861B5FCDB04	complete-source-and-original-function-reviewed;guest-reset-and-port-predicates-retained;identity-check-paired-with-core-executor-owner
test/x86/ibmpc-common/dma_competition_fixture.c	2FB988A3BF6CA07A281D56D9F65D6BAD8C33038ABE092F55A59BE51002011675	full-source-reviewed;original-create-bind-and-opaque-dma-owner-reconciled
test/x86/ibmpc-common/dma_competition_fixture.h	C025BF481C911BC774AABAEBCB39045E820BA76A1C2174463BEFE8638A545D62	source-reviewed;test-only-opaque-owner-contract
test/x86/ibmpc-common/dma_fixture.h	7499EED6D93BCB1730C36CA97472D0EBA8DD6F61A34169F895210D3DC2E286AC	reviewed: actual neutral Core construction replaces synthetic port-owner; transfer/register loop preserved; explicit read/write failure probes reject; checked-write helper rejects unsupported port with exit 1
test/x86/ibmpc-common/executor_fixture.h	9F40E4D00AE25719F3155A61FA185D6FFEE797593262ECDD5924EDDF674E1802	full-source-and-baseline-reviewed;original-board-construction-failure-cleanup-retained
test/x86/ibmpc-common/fdc_fixture.h	0D880CFE7438192704052DCE1C85925F2872EBDA0E89C3E960AA2E22DD337A7D	reviewed: complete fixture/baseline; original deadline seek and IRQ helpers retained; public bus status checked
test/x86/ibmpc-common/fdc_values.h	6AF64C9595BB6456E756E49A1FB8F3D129466D87D02EB95A037F467EC10ACC1E	reviewed: all wire constants match complete original fixture
test/x86/ibmpc-common/hdc_fixture.h	9BEA1B91B69F38D73B0990A5EC43E5055FFFFEF166987859F1574EA6428B6A9F	reviewed: full old/new helper; capture and next-deadline preserved; public bus operations checked
test/x86/ibmpc-common/kbc_cpu_irq_fixture.c	CF0497E7EB156D44CE8865B083436604F4EF5E93A2BA1A1D2ABD8BAF68E81890	source-and-original-assertions-reviewed; dual-width-case-passed
test/x86/ibmpc-common/kbc_irq_fixture.h	7F7FB1C4FAFCD757E41C483AB748D4EE22750F951702A2245E508D4F0B20F5F5	reviewed: owner-local keyboard IRQ1/AUX IRQ12 lease wiring; first binding error propagated
test/x86/ibmpc-common/kbc_state_fixture.c	E4955758D530DE59174E7EA7702B6E9C956017E043B58469F3A7FF04B7DF506D	complete-source-reviewed;test-only-owner-local-values-and-operations;remaining-consumer-coverage-open
test/x86/ibmpc-common/kbc_state_fixture.h	FB484806D7B5AAB303752A0DD8C944FCD9D0A3F131F0EF2AA8A54722E75C93BB	complete-source-reviewed;test-only-owner-local-values-and-operations;remaining-consumer-coverage-open
test/x86/ibmpc-common/machine_arpl_board_smoke.c	39307C58ED5321A31368A04281115B5FD226FD7F3ADAAB20DAD89038FB0E9937	complete-source-original-receiver-reviewed;public-header-FLAGS-and-checked-binding-substitutions-only;four-ARPL-prefix-limit-IRQ-contexts-preserved;dual-width-pass
test/x86/ibmpc-common/machine_board_timing_qualification_smoke.c	7BB9B8E6B76B1636C5525A2CBAF1B4FAF62591EBC4B47E49BF86171EF353FD31	source-and-original-scheduler-subsection-reviewed;qualified-unqualified-deadline-predicates-retained
test/x86/ibmpc-common/machine_bound_board_smoke.c	CF48FEC5DF4D52659BE0F2A2AFDD07A92524EAFCA1723072DFC42877B4DDDA2A	reviewed;complete-original-receiver-pair;8-contexts-retained;dual-width-pass
test/x86/ibmpc-common/machine_cli_sti_interrupt_smoke.c	157FA92CE92898E4C84867969DF8182907233944F4BF010FE7D37CE88C3BCF2E	source-baseline-diff-reviewed;real-pic-pit-8088-programs-retained;valid-guest-mode-entry-and-frame-change-reviewed;irq-binding-checked;dual-width-40-receiver-regressions-pass
test/x86/ibmpc-common/machine_cmps_board_smoke.c	8B5D84DEE6E40DABC4D87DAB7D8C5DC149FDF7F9E5FFD09658BFACCE4D13C30B	complete-source-baseline-diff-reviewed;original-string-irq-memory-index-flags-and-fault-cases-retained;irq-binding-checked;dual-width-40-receiver-regressions-pass
test/x86/ibmpc-common/machine_control_state_board_smoke.c	E60E60A2EA5FFBB59B69FA6A46B84A409F7AA1724F67F4AE62E01B0B0453971B	complete-source-baseline-diff-reviewed;all-arrays-profile-lock-irq-frame-and-early-cr-cases-retained;irq-binding-checked;dual-width-40-receiver-regressions-pass
test/x86/ibmpc-common/machine_cpu_pic_lifecycle_smoke.c	6700BF915B8B4307D7065D4D74A74E101CFC1D98C1043BD92A5A2F6B538CBC16	complete-source-baseline-diff-reviewed;guest-reset-port-and-irr-retained;identity-check-paired-with-core-executor-owner
test/x86/ibmpc-common/machine_debug_state_board_smoke.c	8BC546059FA4C760AC0B12ABB413CCB58CC51AC4669A3B11F535D44DE0F257BA	complete-source-baseline-diff-reviewed;public-reset-register-patch-replaces-private-provider;all-six-original-debug-delivery-groups-retained;focused-dual-width-pass;irq-binding-checked;dual-width-40-receiver-regressions-pass
test/x86/ibmpc-common/machine_fpu_irq_s65_smoke.c	19CE6A654211BA3C6C9AE785D96FC836B998EA34A3456C34D6641FD026D669FE	complete-source-baseline-diff-reviewed;video-routing-or-irq-call-gate-contexts-preserved;failure-output-boundaries-verified;dual-width-pass
test/x86/ibmpc-common/machine_hardware_delivery_s3_smoke.c	FDB0929EF29E4B5B6C9884CC5FC0E44D8114EEBA92AD50A9C2402D2EC3F89C5F	reviewed;4-priority-contexts-retained;CPU-owned-NMI-state-pairing;dual-width-and-21-failure-positions-pass
test/x86/ibmpc-common/machine_input_display_s5_smoke.c	ED95E8F15562FFEC43D7961839CA0B2975C777B0530B62EFB0C8C87B48A919E8	complete-source-baseline-diff-reviewed;ten-lifecycle-guards-operation-lock-trace-order-and-reset-retained;dual-width-pass
test/x86/ibmpc-common/machine_interrupt_entry_smoke.c	8636AAA0B2A5A323CBD15ACDDB658839D6FDB5ADFD47623DBE4E9CDC660B61FB	whole-original-and-current-body-reviewed;26-contexts-and-normalized-main-reconciled;three-failed-preparation-guards;dual-width-and-145-write-rejection-contexts-pass;cpu-cache-and-nmi-pairing-reviewed
test/x86/ibmpc-common/machine_lods_board_smoke.c	C9A2C30A1847AE7AE4A402821140BC6D65E74CAABA6CA80AA914D46730BEEAA6	complete-source-baseline-diff-reviewed;original-string-irq-memory-index-flags-and-fault-cases-retained;irq-binding-checked;dual-width-40-receiver-regressions-pass
test/x86/ibmpc-common/machine_movs_board_smoke.c	AEC257523881BCE7D654893EE3E07AB7EE5976454C4616A0680E24922A58E8DA	complete-source-baseline-diff-reviewed;original-string-irq-memory-index-flags-and-fault-cases-retained;irq-binding-checked;dual-width-40-receiver-regressions-pass
test/x86/ibmpc-common/machine_port_io_board_smoke.c	C6F53484BDF0EB44829C00C435EB007EDA54A6D9A1DD3EE589B04A5AD50F75C4	reviewed;complete-original-receiver-pair;8-contexts-retained;dual-width-pass
test/x86/ibmpc-common/machine_port_ownership_board_smoke.c	D4A1EDF94756DE11084B0D8CF11CC00B4D3752C7BA9846C0864DAA39DBB9240A	reviewed: complete source and line comparison; only four include lines differ; dual-width focused port ownership passes
test/x86/ibmpc-common/machine_port_strings_board_smoke.c	149E70F57D69A7678434F22504C0B6DB9387F7881A95AA9B5EB78C469CCC4158	reviewed;complete-original-receiver-pair;8-contexts-retained;dual-width-pass
test/x86/ibmpc-common/machine_rtc_storage_s4_smoke.c	A86176E35898287BD82C25F5338B2D9D32E90BFF96230F87FF1F65AA4493DDC0	reviewed: complete baseline/current source; includes only; RTC tick3 trace and reset assertions retained; dual-width pass
test/x86/ibmpc-common/machine_scas_board_smoke.c	210D05DE7864D0493376F00419CCE8AB3A9F1DFEE97DF6C8A878EC4861C5CD24	complete-source-baseline-diff-reviewed;original-string-irq-memory-index-flags-and-fault-cases-retained;irq-binding-checked;dual-width-40-receiver-regressions-pass
test/x86/ibmpc-common/machine_stos_board_smoke.c	6B0C3A1F40CD911F94FFE29CE11EB3292C99D4AF69AF0449CA2594C464120E37	complete-source-baseline-diff-reviewed;original-string-irq-memory-index-flags-and-fault-cases-retained;irq-binding-checked;dual-width-40-receiver-regressions-pass
test/x86/ibmpc-common/machine_table_register_board_smoke.c	0A58F14C1CD3AEE604D3227FDCDF34601BA30F29FD604E0835BDAF6931F1487F	complete-source-baseline-diff-reviewed;all-table-irq-source-limit-dos-consumer-and-cpl-cases-retained;irq-binding-checked;dual-width-40-receiver-regressions-pass
test/x86/ibmpc-common/machine_timing_checkpoint_smoke.c	FFC3DE5CD2CFC3DE12D2A29122836A4EDF972EF2C8C097EC18DD875E08357B2E	complete-source-baseline-diff-reviewed;all-16-exact-tick-status-and-reset-observations-retained
test/x86/ibmpc-common/machine_vm86_delivery_smoke.c	C7FB9A09F8716F090ADEFAEDC07F19F19AAD5DEABD51C2546644A1C1DD98386C	complete-source-baseline-diff-reviewed;VM86-board-and-CPU-contexts-paired;public-bootstrap-and-frame-cache-rollback-assertions-retained;dual-width-receivers-pass
test/x86/ibmpc-common/machine_vm86_lgdt_lidt_s5_smoke.c	9A4DC487B3E1D63C3264F38676868B8D730BC68A438B09D19CB6B64B670C37D1	complete-source-baseline-diff-reviewed;VM86-board-and-CPU-contexts-paired;public-bootstrap-and-frame-cache-rollback-assertions-retained;dual-width-receivers-pass;failed-run-diagnostic-read-guarded;two-injected-failures-rejected
test/x86/ibmpc-common/port_assembly_board_fixture.c	60ECA5D063E1E71F3C4F9ADF199AB81FA2A336381C71FB063992F389D065CE9C	full-source-reviewed;fdc-rtc-hdc-rollback-and-port-b-observations-reconciled
test/x86/ibmpc-common/port_assembly_board_fixture.h	03960EF63B628E10DB41BD75B0990E7A9C85EDB1947D634743A62232C90D0C4C	source-reviewed;transient-copied-assertion-contract
test/x86/ibmpc-common/video_fixture.h	43407847CE8958D07172B66DCFD2AEEBEFC7EE6B66B9834A83B25F8A2D0FE137	reviewed: complete source and actual CGA/EGA consumers; opaque Core construction; status-checked public bus and exclusive directional route probes; other consumers reviewed separately
test/x86/ibmpc-common/video_registration_fixture.c	87C11CD2105D5B4B01BFCC5062F46DD8564BB58A7FAE9E53E5EA3C75288A96FF	source-and-original-assertions-reviewed;video-owner-migration
test/x86/ibmpc-common/video_registration_fixture.h	DF819B3DDE585A03735E580D3C90E5C0A21986C60D20E07E74F5F95F297E5AC5	source-reviewed;bounded-test-only-owner-contract
test/x86/ibmpc-common/video_topology_fixture.c	033D171B1F2F201E33BDFBA6D4FE86D44CC3C6C8C8221B45E41DC9F4EE0F350D	full-source-reviewed;actual-video-chip-aperture-predicate-reconciled
test/x86/ibmpc-common/video_topology_fixture.h	D13671F2C1AFD6B6BF283D104790BBC580A592A7A381B2798C81D21ED998F991	source-reviewed;test-only-opaque-board-contract
test/x86/ibmpc-xt/boot_fixture.c	2F61C691194802F999E56ABE6EDC34AC683CE59C0C46714F6FDA84AE50476EA6	complete-source-reviewed;test-only-owner-local-values-and-operations;remaining-consumer-coverage-open
test/x86/ibmpc-xt/boot_fixture.h	E0DD4E90E2DD61BC0A28DDEBED39388C3374D50A3A620CCF2A386A49AE58510B	complete-source-reviewed;test-only-owner-local-values-and-operations;remaining-consumer-coverage-open
test/x86/ibmpc-xt/controller_fixture.c	EAFF651C034F188965E0E27E3C013586C4E495893B82419B3CC7F4B3F64B43D0	construction-state-assertions-source-reviewed;dual-width-full-unit-verification-pass
test/x86/ibmpc-xt/controller_fixture.h	9F5D53478455EADA2AEE60D832D932B2A1A26FA42808775B5E6D960C77EFD89E	construction-state-assertions-source-reviewed;dual-width-full-unit-verification-pass
test/x86/MANIFEST.sha256	7832C251CF3838DB1BD395BE1BD6D155E5BE19EF388B93049F7AA56226174E22	complete-manifest-reviewed;S95-revision-refreshed;complete-verifier-pass
test/x86/README.md	B854A283BB314EA79F0457B6F6AD5781AF9FCFD73920E2F7A6D1AEECDACC3A0F	complete-source-baseline-diff-reviewed;shared-board-vs-product-fixture-description;independent-runtime-qualification-S95
test/x86/verify_negative.cmake	CD39E17D5E463698FE2EEBD35F6019B1505A03541CFFA9562AA39D2CC85A45D0	complete-original-current-diff-reviewed;canonical-AT-header-still-rejected-at-chip-edge;dual-root-negative-verification-pass
tools/nxvm/dependency-dag-allowlist.txt	91AC350544973587980BCCA1C931F22458A8F6615706974F5ECA1093D5D0F071	complete-source-baseline-diff-reviewed;retired-App-owner-removal-and-new-private-owner-scan;opaque-pointer-exception-only;positive-raw-borrow-gate-pass
tools/nxvm/VerifyPublicRawBorrowClosure.ps1	192952744308A2A155B1A1F1BD4A231F4187E93EE85EE438D8A763A8581EADDB	complete-source-baseline-diff-reviewed;retired-App-owner-removal-and-new-private-owner-scan;opaque-pointer-exception-only;positive-raw-borrow-gate-pass
test/x86/ibmpc-common/pic_fixture.h	E501DEFC822889404313B5CB038C67E0F12F5A2E99528B6861EB9C70D9322600	complete-source-reviewed;bus-programming-and-capture-failures-checked;native-failure-probes-pass;dual-width-full-unit-verification-pass;checked-binding-helper;null-owner-termination-probe-pass
test/x86/ibmpc-common/core_machine_pic_irq_lifecycle_smoke.c	9112780871FACDC2EDEEDA7941DD7732C51BE1C790AB94E09C5BCEF8732B0328	reviewed: full baseline and repair diff; all hardware assertions retained; setup/binding failures reach sole cleanup; all bus writes checked; dual-width focused pass
test/x86/ibmpc-common/core_machine_pic_ocw3_smoke.c	2F438571E487ABB3893D45E1E070F77729A0A9994524A710D181FB87F8BFBF1C	reviewed: complete baseline and repair diff; zeroed fixture plus checked setup/bind/write; all poll, mask and SFNM assertions retained; dual-width pass
test/x86/ibmpc-common/core_machine_pic_command_priority_smoke.c	AA24A260FC3C65639D30BDB4D2960CA8D67DAE7E08A78C256AB62DA80014A5FD	reviewed: complete baseline and repair diff; checked setup/bind/write; programmed and immediate cascade assertions retained; dual-width pass
test/x86/ibmpc-common/core_machine_pic_lifecycle_s4_smoke.c	F842E56C71267F250E211198D90D96B33C106C9AB4B13291BA66EEE5FDF84BB1	reviewed: complete baseline and repair diff; setup/binding/write failures checked; all allocation/route rollback and PIT teardown assertions retained; dual-width pass plus actual fixture failure probes
test/x86/ibmpc-common/core_machine_pit_irq0_s2_smoke.c	20F1C9ED5473CFD8E88F21B764F20801354050086E6E584B7B9D6A6B86EA9244	complete-source-and-baseline-read;checked-setup-cleanup;all-original-pit-assertions-retained;dual-width-40-receiver-regressions-pass
test/app-nxvm/integration/dos/vm_dos_prompt_smoke.c	983E758F140CD94A2B7368B4DFF2BC86FFB8D8D37EE44CB15FF97FF46631D302	complete-source-baseline-diff-reviewed;missing-frame-rejected;dual-width-build-and-failure-probe-pass;runtime-qualification-S96
test/app-nxvm/integration/dos/vm_dos_mem_fault_smoke.c	0613033E09B814F9C2F3A4A9D42CB2D4ED2E1FED1AEDA065B48CDC461568FD5B	complete-source-baseline-diff-reviewed;missing-frame-rejected;dual-width-build-and-failure-probe-pass;runtime-qualification-S96
tools/nxvm/Verify-CpuTimingManifestContract.ps1	35C30AAE98A0C5F9A42268AB52A35B900D92A9D2708F17B3CF8025483A1715CF	complete-source-baseline-diff-reviewed;invocation-local-list-and-key-index;4906-records-identical-order-and-fields;four-negative-rejections-identical;dual-width-consumers-pass
test/app-nxvm/integration/dos/vm_cga_640_system_smoke.c	7F19A6EA895A4C9DA58E584768EF520F2F8AB2EF15173ADB18FA184BC72FE843	whole-original-and-receiver-reviewed;original-BIOS-program-and-assertions;INI-discard-overlay;dual-width-integration-pass
test/x86/ibmpc-common/machine_provider_composition_smoke.c	C62A37B9674C4FE4138AAA3C0DDE1A22EF6EDCEF7AB2F14EADE603B7CA679F1C	whole-original-and-receiver-reviewed;failed-producers-and-resource-cleanup-probed;dual-width-and-independent-no-tools-pass
test/x86/ibmpc-common/machine_entry_plan_smoke.c	51170F006F65BA5A30780F8232A229DE0251511386333C55EDFB6BF145C5C975	whole-original-and-receiver-reviewed;nineteen-failed-producers-and-cleanup-probed;dual-width-and-independent-no-tools-pass
test/x86/ibmpc-common/machine_arbitration_s3_smoke.c	0A552B9B12D6A6F54AD990266C8CAE3C1225DB82CBDBF268B5954636DD3497D3	whole-original-and-receiver-reviewed;ten-failed-producers-and-cleanup-probed;dual-width-and-independent-no-tools-pass
